id,fold
global_monthly_2018_08_mosaic_L15-0760E-0887N_3041_4643_13_0_0,0
global_monthly_2019_11_mosaic_L15-0760E-0887N_3041_4643_13_0_0,0
global_monthly_2019_06_mosaic_L15-0760E-0887N_3041_4643_13_0_0,0
global_monthly_2019_08_mosaic_L15-0760E-0887N_3041_4643_13_0_0,0
global_monthly_2019_07_mosaic_L15-0760E-0887N_3041_4643_13_0_0,0
global_monthly_2018_09_mosaic_L15-0760E-0887N_3041_4643_13_0_0,0
global_monthly_2018_01_mosaic_L15-0760E-0887N_3041_4643_13_0_0,0
global_monthly_2018_11_mosaic_L15-0760E-0887N_3041_4643_13_0_0,0
global_monthly_2019_01_mosaic_L15-0760E-0887N_3041_4643_13_0_0,0
global_monthly_2019_12_mosaic_L15-0760E-0887N_3041_4643_13_0_0,0
global_monthly_2019_09_mosaic_L15-0760E-0887N_3041_4643_13_0_0,0
global_monthly_2019_05_mosaic_L15-0760E-0887N_3041_4643_13_0_0,0
global_monthly_2018_07_mosaic_L15-0760E-0887N_3041_4643_13_0_0,0
global_monthly_2018_04_mosaic_L15-0760E-0887N_3041_4643_13_0_0,0
global_monthly_2018_10_mosaic_L15-0760E-0887N_3041_4643_13_0_0,0
global_monthly_2018_05_mosaic_L15-0760E-0887N_3041_4643_13_0_0,0
global_monthly_2019_03_mosaic_L15-0760E-0887N_3041_4643_13_0_0,0
global_monthly_2018_06_mosaic_L15-0760E-0887N_3041_4643_13_0_0,0
global_monthly_2019_04_mosaic_L15-0760E-0887N_3041_4643_13_0_0,0
global_monthly_2019_02_mosaic_L15-0760E-0887N_3041_4643_13_0_0,0
global_monthly_2018_12_mosaic_L15-0760E-0887N_3041_4643_13_0_0,0
global_monthly_2020_01_mosaic_L15-0760E-0887N_3041_4643_13_0_0,0
global_monthly_2018_02_mosaic_L15-0760E-0887N_3041_4643_13_0_0,0
global_monthly_2018_03_mosaic_L15-0760E-0887N_3041_4643_13_0_0,0
global_monthly_2019_10_mosaic_L15-0760E-0887N_3041_4643_13_0_0,0
global_monthly_2019_05_mosaic_L15-1298E-1322N_5193_2903_13_0_0,0
global_monthly_2019_03_mosaic_L15-1298E-1322N_5193_2903_13_0_0,0
global_monthly_2018_05_mosaic_L15-1298E-1322N_5193_2903_13_0_0,0
global_monthly_2018_07_mosaic_L15-1298E-1322N_5193_2903_13_0_0,0
global_monthly_2019_02_mosaic_L15-1298E-1322N_5193_2903_13_0_0,0
global_monthly_2019_08_mosaic_L15-1298E-1322N_5193_2903_13_0_0,0
global_monthly_2018_03_mosaic_L15-1298E-1322N_5193_2903_13_0_0,0
global_monthly_2018_01_mosaic_L15-1298E-1322N_5193_2903_13_0_0,0
global_monthly_2018_09_mosaic_L15-1298E-1322N_5193_2903_13_0_0,0
global_monthly_2019_09_mosaic_L15-1298E-1322N_5193_2903_13_0_0,0
global_monthly_2018_06_mosaic_L15-1298E-1322N_5193_2903_13_0_0,0
global_monthly_2019_07_mosaic_L15-1298E-1322N_5193_2903_13_0_0,0
global_monthly_2019_12_mosaic_L15-1298E-1322N_5193_2903_13_0_0,0
global_monthly_2018_02_mosaic_L15-1298E-1322N_5193_2903_13_0_0,0
global_monthly_2019_06_mosaic_L15-1298E-1322N_5193_2903_13_0_0,0
global_monthly_2019_01_mosaic_L15-1298E-1322N_5193_2903_13_0_0,0
global_monthly_2018_11_mosaic_L15-1298E-1322N_5193_2903_13_0_0,0
global_monthly_2019_04_mosaic_L15-1298E-1322N_5193_2903_13_0_0,0
global_monthly_2018_10_mosaic_L15-1298E-1322N_5193_2903_13_0_0,0
global_monthly_2020_01_mosaic_L15-1298E-1322N_5193_2903_13_0_0,0
global_monthly_2019_10_mosaic_L15-1298E-1322N_5193_2903_13_0_0,0
global_monthly_2018_08_mosaic_L15-1298E-1322N_5193_2903_13_0_0,0
global_monthly_2019_11_mosaic_L15-1298E-1322N_5193_2903_13_0_0,0
global_monthly_2018_04_mosaic_L15-1298E-1322N_5193_2903_13_0_0,0
global_monthly_2018_02_mosaic_L15-1438E-1134N_5753_3655_13_0_0,0
global_monthly_2018_10_mosaic_L15-1438E-1134N_5753_3655_13_0_0,0
global_monthly_2018_09_mosaic_L15-1438E-1134N_5753_3655_13_0_0,0
global_monthly_2019_01_mosaic_L15-1438E-1134N_5753_3655_13_0_0,0
global_monthly_2019_06_mosaic_L15-1438E-1134N_5753_3655_13_0_0,0
global_monthly_2019_03_mosaic_L15-1438E-1134N_5753_3655_13_0_0,0
global_monthly_2019_11_mosaic_L15-1438E-1134N_5753_3655_13_0_0,0
global_monthly_2018_12_mosaic_L15-1438E-1134N_5753_3655_13_0_0,0
global_monthly_2018_01_mosaic_L15-1438E-1134N_5753_3655_13_0_0,0
global_monthly_2018_04_mosaic_L15-1438E-1134N_5753_3655_13_0_0,0
global_monthly_2018_11_mosaic_L15-1438E-1134N_5753_3655_13_0_0,0
global_monthly_2018_05_mosaic_L15-1438E-1134N_5753_3655_13_0_0,0
global_monthly_2018_06_mosaic_L15-1438E-1134N_5753_3655_13_0_0,0
global_monthly_2019_05_mosaic_L15-1438E-1134N_5753_3655_13_0_0,0
global_monthly_2019_10_mosaic_L15-1438E-1134N_5753_3655_13_0_0,0
global_monthly_2020_01_mosaic_L15-1438E-1134N_5753_3655_13_0_0,0
global_monthly_2019_04_mosaic_L15-1438E-1134N_5753_3655_13_0_0,0
global_monthly_2019_12_mosaic_L15-1438E-1134N_5753_3655_13_0_0,0
global_monthly_2018_08_mosaic_L15-1438E-1134N_5753_3655_13_0_0,0
global_monthly_2019_02_mosaic_L15-1438E-1134N_5753_3655_13_0_0,0
global_monthly_2019_09_mosaic_L15-1438E-1134N_5753_3655_13_0_0,0
global_monthly_2018_03_mosaic_L15-1438E-1134N_5753_3655_13_0_0,0
global_monthly_2018_05_mosaic_L15-1138E-1216N_4553_3325_13_0_0,0
global_monthly_2018_11_mosaic_L15-1138E-1216N_4553_3325_13_0_0,0
global_monthly_2020_01_mosaic_L15-1138E-1216N_4553_3325_13_0_0,0
global_monthly_2018_06_mosaic_L15-1138E-1216N_4553_3325_13_0_0,0
global_monthly_2018_01_mosaic_L15-1138E-1216N_4553_3325_13_0_0,0
global_monthly_2018_12_mosaic_L15-1138E-1216N_4553_3325_13_0_0,0
global_monthly_2019_10_mosaic_L15-1138E-1216N_4553_3325_13_0_0,0
global_monthly_2019_01_mosaic_L15-1138E-1216N_4553_3325_13_0_0,0
global_monthly_2019_08_mosaic_L15-1138E-1216N_4553_3325_13_0_0,0
global_monthly_2018_08_mosaic_L15-1138E-1216N_4553_3325_13_0_0,0
global_monthly_2019_03_mosaic_L15-1138E-1216N_4553_3325_13_0_0,0
global_monthly_2018_10_mosaic_L15-1138E-1216N_4553_3325_13_0_0,0
global_monthly_2018_03_mosaic_L15-1138E-1216N_4553_3325_13_0_0,0
global_monthly_2019_06_mosaic_L15-1138E-1216N_4553_3325_13_0_0,0
global_monthly_2018_07_mosaic_L15-1138E-1216N_4553_3325_13_0_0,0
global_monthly_2018_09_mosaic_L15-1138E-1216N_4553_3325_13_0_0,0
global_monthly_2019_02_mosaic_L15-1138E-1216N_4553_3325_13_0_0,0
global_monthly_2019_09_mosaic_L15-1138E-1216N_4553_3325_13_0_0,0
global_monthly_2019_12_mosaic_L15-1138E-1216N_4553_3325_13_0_0,0
global_monthly_2018_02_mosaic_L15-1138E-1216N_4553_3325_13_0_0,0
global_monthly_2019_05_mosaic_L15-1138E-1216N_4553_3325_13_0_0,0
global_monthly_2018_04_mosaic_L15-1138E-1216N_4553_3325_13_0_0,0
global_monthly_2019_07_mosaic_L15-1138E-1216N_4553_3325_13_0_0,0
global_monthly_2019_11_mosaic_L15-1138E-1216N_4553_3325_13_0_0,0
global_monthly_2019_04_mosaic_L15-1138E-1216N_4553_3325_13_0_0,0
global_monthly_2018_06_mosaic_L15-1691E-1211N_6764_3347_13_0_0,0
global_monthly_2018_11_mosaic_L15-1691E-1211N_6764_3347_13_0_0,0
global_monthly_2019_04_mosaic_L15-1691E-1211N_6764_3347_13_0_0,0
global_monthly_2019_09_mosaic_L15-1691E-1211N_6764_3347_13_0_0,0
global_monthly_2018_08_mosaic_L15-1691E-1211N_6764_3347_13_0_0,0
global_monthly_2017_07_mosaic_L15-1691E-1211N_6764_3347_13_0_0,0
global_monthly_2018_05_mosaic_L15-1691E-1211N_6764_3347_13_0_0,0
global_monthly_2018_10_mosaic_L15-1691E-1211N_6764_3347_13_0_0,0
global_monthly_2018_01_mosaic_L15-1691E-1211N_6764_3347_13_0_0,0
global_monthly_2019_08_mosaic_L15-1691E-1211N_6764_3347_13_0_0,0
global_monthly_2017_08_mosaic_L15-1691E-1211N_6764_3347_13_0_0,0
global_monthly_2018_03_mosaic_L15-1691E-1211N_6764_3347_13_0_0,0
global_monthly_2018_07_mosaic_L15-1691E-1211N_6764_3347_13_0_0,0
global_monthly_2019_07_mosaic_L15-1691E-1211N_6764_3347_13_0_0,0
global_monthly_2019_03_mosaic_L15-1691E-1211N_6764_3347_13_0_0,0
global_monthly_2018_04_mosaic_L15-1691E-1211N_6764_3347_13_0_0,0
global_monthly_2019_05_mosaic_L15-1691E-1211N_6764_3347_13_0_0,0
global_monthly_2017_11_mosaic_L15-1691E-1211N_6764_3347_13_0_0,0
global_monthly_2018_09_mosaic_L15-1691E-1211N_6764_3347_13_0_0,0
global_monthly_2017_10_mosaic_L15-1691E-1211N_6764_3347_13_0_0,0
global_monthly_2019_01_mosaic_L15-1691E-1211N_6764_3347_13_0_0,0
global_monthly_2018_02_mosaic_L15-1691E-1211N_6764_3347_13_0_0,0
global_monthly_2018_12_mosaic_L15-1691E-1211N_6764_3347_13_0_0,0
global_monthly_2019_06_mosaic_L15-1691E-1211N_6764_3347_13_0_0,0
global_monthly_2018_08_mosaic_L15-1172E-1306N_4688_2967_13_0_0,0
global_monthly_2018_01_mosaic_L15-1172E-1306N_4688_2967_13_0_0,0
global_monthly_2019_06_mosaic_L15-1172E-1306N_4688_2967_13_0_0,0
global_monthly_2019_03_mosaic_L15-1172E-1306N_4688_2967_13_0_0,0
global_monthly_2019_05_mosaic_L15-1172E-1306N_4688_2967_13_0_0,0
global_monthly_2019_02_mosaic_L15-1172E-1306N_4688_2967_13_0_0,0
global_monthly_2019_12_mosaic_L15-1172E-1306N_4688_2967_13_0_0,0
global_monthly_2018_12_mosaic_L15-1172E-1306N_4688_2967_13_0_0,0
global_monthly_2018_11_mosaic_L15-1172E-1306N_4688_2967_13_0_0,0
global_monthly_2019_08_mosaic_L15-1172E-1306N_4688_2967_13_0_0,0
global_monthly_2018_10_mosaic_L15-1172E-1306N_4688_2967_13_0_0,0
global_monthly_2018_06_mosaic_L15-1172E-1306N_4688_2967_13_0_0,0
global_monthly_2018_05_mosaic_L15-1172E-1306N_4688_2967_13_0_0,0
global_monthly_2018_09_mosaic_L15-1172E-1306N_4688_2967_13_0_0,0
global_monthly_2019_07_mosaic_L15-1172E-1306N_4688_2967_13_0_0,0
global_monthly_2018_02_mosaic_L15-1172E-1306N_4688_2967_13_0_0,0
global_monthly_2019_10_mosaic_L15-1172E-1306N_4688_2967_13_0_0,0
global_monthly_2019_11_mosaic_L15-1172E-1306N_4688_2967_13_0_0,0
global_monthly_2019_09_mosaic_L15-1172E-1306N_4688_2967_13_0_0,0
global_monthly_2020_01_mosaic_L15-1172E-1306N_4688_2967_13_0_0,0
global_monthly_2019_04_mosaic_L15-1172E-1306N_4688_2967_13_0_0,0
global_monthly_2018_04_mosaic_L15-1172E-1306N_4688_2967_13_0_0,0
global_monthly_2018_03_mosaic_L15-1172E-1306N_4688_2967_13_0_0,0
global_monthly_2018_07_mosaic_L15-1172E-1306N_4688_2967_13_0_0,0
global_monthly_2018_02_mosaic_L15-0595E-1278N_2383_3079_13_0_0,1
global_monthly_2019_04_mosaic_L15-0595E-1278N_2383_3079_13_0_0,1
global_monthly_2019_08_mosaic_L15-0595E-1278N_2383_3079_13_0_0,1
global_monthly_2018_03_mosaic_L15-0595E-1278N_2383_3079_13_0_0,1
global_monthly_2018_07_mosaic_L15-0595E-1278N_2383_3079_13_0_0,1
global_monthly_2019_09_mosaic_L15-0595E-1278N_2383_3079_13_0_0,1
global_monthly_2019_11_mosaic_L15-0595E-1278N_2383_3079_13_0_0,1
global_monthly_2019_06_mosaic_L15-0595E-1278N_2383_3079_13_0_0,1
global_monthly_2018_04_mosaic_L15-0595E-1278N_2383_3079_13_0_0,1
global_monthly_2018_12_mosaic_L15-0595E-1278N_2383_3079_13_0_0,1
global_monthly_2018_06_mosaic_L15-0595E-1278N_2383_3079_13_0_0,1
global_monthly_2018_01_mosaic_L15-0595E-1278N_2383_3079_13_0_0,1
global_monthly_2018_11_mosaic_L15-0595E-1278N_2383_3079_13_0_0,1
global_monthly_2018_05_mosaic_L15-0595E-1278N_2383_3079_13_0_0,1
global_monthly_2019_07_mosaic_L15-0595E-1278N_2383_3079_13_0_0,1
global_monthly_2020_01_mosaic_L15-0595E-1278N_2383_3079_13_0_0,1
global_monthly_2018_08_mosaic_L15-0595E-1278N_2383_3079_13_0_0,1
global_monthly_2019_10_mosaic_L15-0595E-1278N_2383_3079_13_0_0,1
global_monthly_2019_01_mosaic_L15-0595E-1278N_2383_3079_13_0_0,1
global_monthly_2019_05_mosaic_L15-0595E-1278N_2383_3079_13_0_0,1
global_monthly_2019_12_mosaic_L15-0595E-1278N_2383_3079_13_0_0,1
global_monthly_2018_09_mosaic_L15-0595E-1278N_2383_3079_13_0_0,1
global_monthly_2018_10_mosaic_L15-0595E-1278N_2383_3079_13_0_0,1
global_monthly_2019_02_mosaic_L15-0595E-1278N_2383_3079_13_0_0,1
global_monthly_2019_03_mosaic_L15-0595E-1278N_2383_3079_13_0_0,1
global_monthly_2018_10_mosaic_L15-1289E-1169N_5156_3514_13_0_0,1
global_monthly_2018_04_mosaic_L15-1289E-1169N_5156_3514_13_0_0,1
global_monthly_2018_11_mosaic_L15-1289E-1169N_5156_3514_13_0_0,1
global_monthly_2020_01_mosaic_L15-1289E-1169N_5156_3514_13_0_0,1
global_monthly_2019_04_mosaic_L15-1289E-1169N_5156_3514_13_0_0,1
global_monthly_2019_01_mosaic_L15-1289E-1169N_5156_3514_13_0_0,1
global_monthly_2018_07_mosaic_L15-1289E-1169N_5156_3514_13_0_0,1
global_monthly_2019_06_mosaic_L15-1289E-1169N_5156_3514_13_0_0,1
global_monthly_2018_08_mosaic_L15-1289E-1169N_5156_3514_13_0_0,1
global_monthly_2018_03_mosaic_L15-1289E-1169N_5156_3514_13_0_0,1
global_monthly_2018_06_mosaic_L15-1289E-1169N_5156_3514_13_0_0,1
global_monthly_2019_02_mosaic_L15-1289E-1169N_5156_3514_13_0_0,1
global_monthly_2019_08_mosaic_L15-1289E-1169N_5156_3514_13_0_0,1
global_monthly_2019_03_mosaic_L15-1289E-1169N_5156_3514_13_0_0,1
global_monthly_2019_10_mosaic_L15-1289E-1169N_5156_3514_13_0_0,1
global_monthly_2019_11_mosaic_L15-1289E-1169N_5156_3514_13_0_0,1
global_monthly_2018_09_mosaic_L15-1289E-1169N_5156_3514_13_0_0,1
global_monthly_2018_12_mosaic_L15-1289E-1169N_5156_3514_13_0_0,1
global_monthly_2019_05_mosaic_L15-1289E-1169N_5156_3514_13_0_0,1
global_monthly_2019_12_mosaic_L15-1289E-1169N_5156_3514_13_0_0,1
global_monthly_2019_09_mosaic_L15-1289E-1169N_5156_3514_13_0_0,1
global_monthly_2019_07_mosaic_L15-1289E-1169N_5156_3514_13_0_0,1
global_monthly_2018_05_mosaic_L15-1289E-1169N_5156_3514_13_0_0,1
global_monthly_2018_01_mosaic_L15-1289E-1169N_5156_3514_13_0_0,1
global_monthly_2018_02_mosaic_L15-1289E-1169N_5156_3514_13_0_0,1
global_monthly_2018_05_mosaic_L15-1703E-1219N_6813_3313_13_0_0,1
global_monthly_2019_02_mosaic_L15-1703E-1219N_6813_3313_13_0_0,1
global_monthly_2018_07_mosaic_L15-1703E-1219N_6813_3313_13_0_0,1
global_monthly_2019_04_mosaic_L15-1703E-1219N_6813_3313_13_0_0,1
global_monthly_2018_10_mosaic_L15-1703E-1219N_6813_3313_13_0_0,1
global_monthly_2018_06_mosaic_L15-1703E-1219N_6813_3313_13_0_0,1
global_monthly_2020_01_mosaic_L15-1703E-1219N_6813_3313_13_0_0,1
global_monthly_2019_12_mosaic_L15-1703E-1219N_6813_3313_13_0_0,1
global_monthly_2019_09_mosaic_L15-1703E-1219N_6813_3313_13_0_0,1
global_monthly_2019_03_mosaic_L15-1703E-1219N_6813_3313_13_0_0,1
global_monthly_2018_03_mosaic_L15-1703E-1219N_6813_3313_13_0_0,1
global_monthly_2018_02_mosaic_L15-1703E-1219N_6813_3313_13_0_0,1
global_monthly_2019_05_mosaic_L15-1703E-1219N_6813_3313_13_0_0,1
global_monthly_2019_11_mosaic_L15-1703E-1219N_6813_3313_13_0_0,1
global_monthly_2019_07_mosaic_L15-1703E-1219N_6813_3313_13_0_0,1
global_monthly_2019_06_mosaic_L15-1703E-1219N_6813_3313_13_0_0,1
global_monthly_2019_08_mosaic_L15-1703E-1219N_6813_3313_13_0_0,1
global_monthly_2018_09_mosaic_L15-1703E-1219N_6813_3313_13_0_0,1
global_monthly_2018_04_mosaic_L15-1703E-1219N_6813_3313_13_0_0,1
global_monthly_2019_10_mosaic_L15-1703E-1219N_6813_3313_13_0_0,1
global_monthly_2018_01_mosaic_L15-1703E-1219N_6813_3313_13_0_0,1
global_monthly_2018_08_mosaic_L15-1703E-1219N_6813_3313_13_0_0,1
global_monthly_2019_01_mosaic_L15-1703E-1219N_6813_3313_13_0_0,1
global_monthly_2018_11_mosaic_L15-1703E-1219N_6813_3313_13_0_0,1
global_monthly_2018_12_mosaic_L15-1703E-1219N_6813_3313_13_0_0,1
global_monthly_2019_11_mosaic_L15-0361E-1300N_1446_2989_13_0_0,1
global_monthly_2019_07_mosaic_L15-0361E-1300N_1446_2989_13_0_0,1
global_monthly_2019_12_mosaic_L15-0361E-1300N_1446_2989_13_0_0,1
global_monthly_2018_03_mosaic_L15-0361E-1300N_1446_2989_13_0_0,1
global_monthly_2018_07_mosaic_L15-0361E-1300N_1446_2989_13_0_0,1
global_monthly_2019_09_mosaic_L15-0361E-1300N_1446_2989_13_0_0,1
global_monthly_2018_01_mosaic_L15-0361E-1300N_1446_2989_13_0_0,1
global_monthly_2018_09_mosaic_L15-0361E-1300N_1446_2989_13_0_0,1
global_monthly_2018_05_mosaic_L15-0361E-1300N_1446_2989_13_0_0,1
global_monthly_2019_02_mosaic_L15-0361E-1300N_1446_2989_13_0_0,1
global_monthly_2020_01_mosaic_L15-0361E-1300N_1446_2989_13_0_0,1
global_monthly_2019_03_mosaic_L15-0361E-1300N_1446_2989_13_0_0,1
global_monthly_2018_02_mosaic_L15-0361E-1300N_1446_2989_13_0_0,1
global_monthly_2019_04_mosaic_L15-0361E-1300N_1446_2989_13_0_0,1
global_monthly_2019_08_mosaic_L15-0361E-1300N_1446_2989_13_0_0,1
global_monthly_2019_06_mosaic_L15-0361E-1300N_1446_2989_13_0_0,1
global_monthly_2019_05_mosaic_L15-0361E-1300N_1446_2989_13_0_0,1
global_monthly_2018_08_mosaic_L15-0361E-1300N_1446_2989_13_0_0,1
global_monthly_2019_10_mosaic_L15-0361E-1300N_1446_2989_13_0_0,1
global_monthly_2018_12_mosaic_L15-0361E-1300N_1446_2989_13_0_0,1
global_monthly_2018_10_mosaic_L15-0361E-1300N_1446_2989_13_0_0,1
global_monthly_2018_11_mosaic_L15-0361E-1300N_1446_2989_13_0_0,1
global_monthly_2018_06_mosaic_L15-0361E-1300N_1446_2989_13_0_0,1
global_monthly_2019_01_mosaic_L15-0361E-1300N_1446_2989_13_0_0,1
global_monthly_2017_08_mosaic_L15-1690E-1211N_6763_3346_13_0_0,1
global_monthly_2019_09_mosaic_L15-1690E-1211N_6763_3346_13_0_0,1
global_monthly_2018_02_mosaic_L15-1690E-1211N_6763_3346_13_0_0,1
global_monthly_2019_07_mosaic_L15-1690E-1211N_6763_3346_13_0_0,1
global_monthly_2019_06_mosaic_L15-1690E-1211N_6763_3346_13_0_0,1
global_monthly_2018_05_mosaic_L15-1690E-1211N_6763_3346_13_0_0,1
global_monthly_2018_08_mosaic_L15-1690E-1211N_6763_3346_13_0_0,1
global_monthly_2018_04_mosaic_L15-1690E-1211N_6763_3346_13_0_0,1
global_monthly_2017_11_mosaic_L15-1690E-1211N_6763_3346_13_0_0,1
global_monthly_2018_03_mosaic_L15-1690E-1211N_6763_3346_13_0_0,1
global_monthly_2019_03_mosaic_L15-1690E-1211N_6763_3346_13_0_0,1
global_monthly_2017_07_mosaic_L15-1690E-1211N_6763_3346_13_0_0,1
global_monthly_2019_01_mosaic_L15-1690E-1211N_6763_3346_13_0_0,1
global_monthly_2019_05_mosaic_L15-1690E-1211N_6763_3346_13_0_0,1
global_monthly_2018_10_mosaic_L15-1690E-1211N_6763_3346_13_0_0,1
global_monthly_2019_04_mosaic_L15-1690E-1211N_6763_3346_13_0_0,1
global_monthly_2018_09_mosaic_L15-1690E-1211N_6763_3346_13_0_0,1
global_monthly_2018_11_mosaic_L15-1690E-1211N_6763_3346_13_0_0,1
global_monthly_2018_01_mosaic_L15-1690E-1211N_6763_3346_13_0_0,1
global_monthly_2018_06_mosaic_L15-1690E-1211N_6763_3346_13_0_0,1
global_monthly_2017_10_mosaic_L15-1690E-1211N_6763_3346_13_0_0,1
global_monthly_2019_08_mosaic_L15-1690E-1211N_6763_3346_13_0_0,1
global_monthly_2018_12_mosaic_L15-1690E-1211N_6763_3346_13_0_0,1
global_monthly_2018_07_mosaic_L15-1690E-1211N_6763_3346_13_0_0,1
global_monthly_2019_10_mosaic_L15-0368E-1245N_1474_3210_13_0_0,1
global_monthly_2019_02_mosaic_L15-0368E-1245N_1474_3210_13_0_0,1
global_monthly_2018_07_mosaic_L15-0368E-1245N_1474_3210_13_0_0,1
global_monthly_2018_04_mosaic_L15-0368E-1245N_1474_3210_13_0_0,1
global_monthly_2019_04_mosaic_L15-0368E-1245N_1474_3210_13_0_0,1
global_monthly_2019_07_mosaic_L15-0368E-1245N_1474_3210_13_0_0,1
global_monthly_2018_01_mosaic_L15-0368E-1245N_1474_3210_13_0_0,1
global_monthly_2019_09_mosaic_L15-0368E-1245N_1474_3210_13_0_0,1
global_monthly_2019_11_mosaic_L15-0368E-1245N_1474_3210_13_0_0,1
global_monthly_2018_03_mosaic_L15-0368E-1245N_1474_3210_13_0_0,1
global_monthly_2018_09_mosaic_L15-0368E-1245N_1474_3210_13_0_0,1
global_monthly_2019_03_mosaic_L15-0368E-1245N_1474_3210_13_0_0,1
global_monthly_2018_12_mosaic_L15-0368E-1245N_1474_3210_13_0_0,1
global_monthly_2018_08_mosaic_L15-0368E-1245N_1474_3210_13_0_0,1
global_monthly_2018_02_mosaic_L15-0368E-1245N_1474_3210_13_0_0,1
global_monthly_2018_11_mosaic_L15-0368E-1245N_1474_3210_13_0_0,1
global_monthly_2019_08_mosaic_L15-0368E-1245N_1474_3210_13_0_0,1
global_monthly_2019_05_mosaic_L15-0368E-1245N_1474_3210_13_0_0,1
global_monthly_2018_06_mosaic_L15-0368E-1245N_1474_3210_13_0_0,1
global_monthly_2019_12_mosaic_L15-0368E-1245N_1474_3210_13_0_0,1
global_monthly_2019_06_mosaic_L15-0368E-1245N_1474_3210_13_0_0,1
global_monthly_2020_01_mosaic_L15-0368E-1245N_1474_3210_13_0_0,1
global_monthly_2018_10_mosaic_L15-0368E-1245N_1474_3210_13_0_0,1
global_monthly_2019_01_mosaic_L15-0368E-1245N_1474_3210_13_0_0,1
global_monthly_2018_06_mosaic_L15-1015E-1062N_4061_3941_13_0_0,2
global_monthly_2018_10_mosaic_L15-1015E-1062N_4061_3941_13_0_0,2
global_monthly_2018_12_mosaic_L15-1015E-1062N_4061_3941_13_0_0,2
global_monthly_2019_03_mosaic_L15-1015E-1062N_4061_3941_13_0_0,2
global_monthly_2019_05_mosaic_L15-1015E-1062N_4061_3941_13_0_0,2
global_monthly_2018_02_mosaic_L15-1015E-1062N_4061_3941_13_0_0,2
global_monthly_2019_10_mosaic_L15-1015E-1062N_4061_3941_13_0_0,2
global_monthly_2018_04_mosaic_L15-1015E-1062N_4061_3941_13_0_0,2
global_monthly_2018_03_mosaic_L15-1015E-1062N_4061_3941_13_0_0,2
global_monthly_2019_11_mosaic_L15-1015E-1062N_4061_3941_13_0_0,2
global_monthly_2019_02_mosaic_L15-1015E-1062N_4061_3941_13_0_0,2
global_monthly_2020_01_mosaic_L15-1015E-1062N_4061_3941_13_0_0,2
global_monthly_2018_11_mosaic_L15-1015E-1062N_4061_3941_13_0_0,2
global_monthly_2018_01_mosaic_L15-1015E-1062N_4061_3941_13_0_0,2
global_monthly_2019_12_mosaic_L15-1015E-1062N_4061_3941_13_0_0,2
global_monthly_2019_04_mosaic_L15-1015E-1062N_4061_3941_13_0_0,2
global_monthly_2018_05_mosaic_L15-1015E-1062N_4061_3941_13_0_0,2
global_monthly_2019_01_mosaic_L15-1015E-1062N_4061_3941_13_0_0,2
global_monthly_2018_01_mosaic_L15-0571E-1075N_2287_3888_13_0_0,2
global_monthly_2018_11_mosaic_L15-0571E-1075N_2287_3888_13_0_0,2
global_monthly_2018_04_mosaic_L15-0571E-1075N_2287_3888_13_0_0,2
global_monthly_2018_10_mosaic_L15-0571E-1075N_2287_3888_13_0_0,2
global_monthly_2018_12_mosaic_L15-0571E-1075N_2287_3888_13_0_0,2
global_monthly_2018_09_mosaic_L15-0571E-1075N_2287_3888_13_0_0,2
global_monthly_2019_08_mosaic_L15-0571E-1075N_2287_3888_13_0_0,2
global_monthly_2018_02_mosaic_L15-0571E-1075N_2287_3888_13_0_0,2
global_monthly_2019_11_mosaic_L15-0571E-1075N_2287_3888_13_0_0,2
global_monthly_2019_02_mosaic_L15-0571E-1075N_2287_3888_13_0_0,2
global_monthly_2018_07_mosaic_L15-0571E-1075N_2287_3888_13_0_0,2
global_monthly_2020_01_mosaic_L15-0571E-1075N_2287_3888_13_0_0,2
global_monthly_2018_08_mosaic_L15-0571E-1075N_2287_3888_13_0_0,2
global_monthly_2019_04_mosaic_L15-0571E-1075N_2287_3888_13_0_0,2
global_monthly_2019_03_mosaic_L15-0571E-1075N_2287_3888_13_0_0,2
global_monthly_2019_05_mosaic_L15-0571E-1075N_2287_3888_13_0_0,2
global_monthly_2018_03_mosaic_L15-0571E-1075N_2287_3888_13_0_0,2
global_monthly_2019_01_mosaic_L15-0571E-1075N_2287_3888_13_0_0,2
global_monthly_2019_09_mosaic_L15-0571E-1075N_2287_3888_13_0_0,2
global_monthly_2019_06_mosaic_L15-0571E-1075N_2287_3888_13_0_0,2
global_monthly_2019_01_mosaic_L15-0331E-1257N_1327_3160_13_0_0,2
global_monthly_2019_08_mosaic_L15-0331E-1257N_1327_3160_13_0_0,2
global_monthly_2018_12_mosaic_L15-0331E-1257N_1327_3160_13_0_0,2
global_monthly_2020_01_mosaic_L15-0331E-1257N_1327_3160_13_0_0,2
global_monthly_2018_06_mosaic_L15-0331E-1257N_1327_3160_13_0_0,2
global_monthly_2019_11_mosaic_L15-0331E-1257N_1327_3160_13_0_0,2
global_monthly_2018_02_mosaic_L15-0331E-1257N_1327_3160_13_0_0,2
global_monthly_2018_07_mosaic_L15-0331E-1257N_1327_3160_13_0_0,2
global_monthly_2019_12_mosaic_L15-0331E-1257N_1327_3160_13_0_0,2
global_monthly_2018_11_mosaic_L15-0331E-1257N_1327_3160_13_0_0,2
global_monthly_2019_06_mosaic_L15-0331E-1257N_1327_3160_13_0_0,2
global_monthly_2019_02_mosaic_L15-0331E-1257N_1327_3160_13_0_0,2
global_monthly_2018_05_mosaic_L15-0331E-1257N_1327_3160_13_0_0,2
global_monthly_2018_01_mosaic_L15-0331E-1257N_1327_3160_13_0_0,2
global_monthly_2019_04_mosaic_L15-0331E-1257N_1327_3160_13_0_0,2
global_monthly_2018_03_mosaic_L15-0331E-1257N_1327_3160_13_0_0,2
global_monthly_2019_07_mosaic_L15-0331E-1257N_1327_3160_13_0_0,2
global_monthly_2018_08_mosaic_L15-0331E-1257N_1327_3160_13_0_0,2
global_monthly_2019_03_mosaic_L15-0331E-1257N_1327_3160_13_0_0,2
global_monthly_2018_04_mosaic_L15-0331E-1257N_1327_3160_13_0_0,2
global_monthly_2019_09_mosaic_L15-0331E-1257N_1327_3160_13_0_0,2
global_monthly_2019_05_mosaic_L15-0331E-1257N_1327_3160_13_0_0,2
global_monthly_2018_09_mosaic_L15-0331E-1257N_1327_3160_13_0_0,2
global_monthly_2019_10_mosaic_L15-0331E-1257N_1327_3160_13_0_0,2
global_monthly_2018_10_mosaic_L15-0331E-1257N_1327_3160_13_0_0,2
global_monthly_2018_02_mosaic_L15-1200E-0847N_4802_4803_13_0_0,2
global_monthly_2018_11_mosaic_L15-1200E-0847N_4802_4803_13_0_0,2
global_monthly_2019_06_mosaic_L15-1200E-0847N_4802_4803_13_0_0,2
global_monthly_2019_04_mosaic_L15-1200E-0847N_4802_4803_13_0_0,2
global_monthly_2019_12_mosaic_L15-1200E-0847N_4802_4803_13_0_0,2
global_monthly_2018_10_mosaic_L15-1200E-0847N_4802_4803_13_0_0,2
global_monthly_2019_05_mosaic_L15-1200E-0847N_4802_4803_13_0_0,2
global_monthly_2018_09_mosaic_L15-1200E-0847N_4802_4803_13_0_0,2
global_monthly_2019_10_mosaic_L15-1200E-0847N_4802_4803_13_0_0,2
global_monthly_2019_11_mosaic_L15-1200E-0847N_4802_4803_13_0_0,2
global_monthly_2020_01_mosaic_L15-1200E-0847N_4802_4803_13_0_0,2
global_monthly_2018_06_mosaic_L15-1200E-0847N_4802_4803_13_0_0,2
global_monthly_2018_04_mosaic_L15-1200E-0847N_4802_4803_13_0_0,2
global_monthly_2019_01_mosaic_L15-1200E-0847N_4802_4803_13_0_0,2
global_monthly_2019_08_mosaic_L15-1200E-0847N_4802_4803_13_0_0,2
global_monthly_2018_03_mosaic_L15-1200E-0847N_4802_4803_13_0_0,2
global_monthly_2019_07_mosaic_L15-1200E-0847N_4802_4803_13_0_0,2
global_monthly_2018_05_mosaic_L15-1200E-0847N_4802_4803_13_0_0,2
global_monthly_2019_09_mosaic_L15-1200E-0847N_4802_4803_13_0_0,2
global_monthly_2019_02_mosaic_L15-1200E-0847N_4802_4803_13_0_0,2
global_monthly_2018_12_mosaic_L15-1200E-0847N_4802_4803_13_0_0,2
global_monthly_2019_03_mosaic_L15-1200E-0847N_4802_4803_13_0_0,2
global_monthly_2018_08_mosaic_L15-1200E-0847N_4802_4803_13_0_0,2
global_monthly_2018_07_mosaic_L15-1200E-0847N_4802_4803_13_0_0,2
global_monthly_2018_12_mosaic_L15-1203E-1203N_4815_3378_13_0_0,2
global_monthly_2018_07_mosaic_L15-1203E-1203N_4815_3378_13_0_0,2
global_monthly_2018_03_mosaic_L15-1203E-1203N_4815_3378_13_0_0,2
global_monthly_2017_11_mosaic_L15-1203E-1203N_4815_3378_13_0_0,2
global_monthly_2018_02_mosaic_L15-1203E-1203N_4815_3378_13_0_0,2
global_monthly_2018_05_mosaic_L15-1203E-1203N_4815_3378_13_0_0,2
global_monthly_2019_01_mosaic_L15-1203E-1203N_4815_3378_13_0_0,2
global_monthly_2018_08_mosaic_L15-1203E-1203N_4815_3378_13_0_0,2
global_monthly_2019_04_mosaic_L15-1203E-1203N_4815_3378_13_0_0,2
global_monthly_2019_06_mosaic_L15-1203E-1203N_4815_3378_13_0_0,2
global_monthly_2018_04_mosaic_L15-1203E-1203N_4815_3378_13_0_0,2
global_monthly_2017_09_mosaic_L15-1203E-1203N_4815_3378_13_0_0,2
global_monthly_2018_09_mosaic_L15-1203E-1203N_4815_3378_13_0_0,2
global_monthly_2017_07_mosaic_L15-1203E-1203N_4815_3378_13_0_0,2
global_monthly_2018_01_mosaic_L15-1203E-1203N_4815_3378_13_0_0,2
global_monthly_2018_10_mosaic_L15-1203E-1203N_4815_3378_13_0_0,2
global_monthly_2018_11_mosaic_L15-1203E-1203N_4815_3378_13_0_0,2
global_monthly_2019_09_mosaic_L15-1203E-1203N_4815_3378_13_0_0,2
global_monthly_2019_02_mosaic_L15-1203E-1203N_4815_3378_13_0_0,2
global_monthly_2018_06_mosaic_L15-1203E-1203N_4815_3378_13_0_0,2
global_monthly_2019_05_mosaic_L15-1203E-1203N_4815_3378_13_0_0,2
global_monthly_2017_08_mosaic_L15-1203E-1203N_4815_3378_13_0_0,2
global_monthly_2019_08_mosaic_L15-1203E-1203N_4815_3378_13_0_0,2
global_monthly_2019_03_mosaic_L15-1203E-1203N_4815_3378_13_0_0,2
global_monthly_2017_10_mosaic_L15-1203E-1203N_4815_3378_13_0_0,2
global_monthly_2019_07_mosaic_L15-1203E-1203N_4815_3378_13_0_0,2
global_monthly_2018_06_mosaic_L15-1276E-1107N_5105_3761_13_0_0,2
global_monthly_2018_09_mosaic_L15-1276E-1107N_5105_3761_13_0_0,2
global_monthly_2019_10_mosaic_L15-1276E-1107N_5105_3761_13_0_0,2
global_monthly_2019_04_mosaic_L15-1276E-1107N_5105_3761_13_0_0,2
global_monthly_2018_10_mosaic_L15-1276E-1107N_5105_3761_13_0_0,2
global_monthly_2019_02_mosaic_L15-1276E-1107N_5105_3761_13_0_0,2
global_monthly_2018_12_mosaic_L15-1276E-1107N_5105_3761_13_0_0,2
global_monthly_2019_03_mosaic_L15-1276E-1107N_5105_3761_13_0_0,2
global_monthly_2018_07_mosaic_L15-1276E-1107N_5105_3761_13_0_0,2
global_monthly_2019_05_mosaic_L15-1276E-1107N_5105_3761_13_0_0,2
global_monthly_2019_06_mosaic_L15-1276E-1107N_5105_3761_13_0_0,2
global_monthly_2019_11_mosaic_L15-1276E-1107N_5105_3761_13_0_0,2
global_monthly_2019_12_mosaic_L15-1276E-1107N_5105_3761_13_0_0,2
global_monthly_2018_05_mosaic_L15-1276E-1107N_5105_3761_13_0_0,2
global_monthly_2018_03_mosaic_L15-1276E-1107N_5105_3761_13_0_0,2
global_monthly_2019_01_mosaic_L15-1276E-1107N_5105_3761_13_0_0,2
global_monthly_2019_08_mosaic_L15-1276E-1107N_5105_3761_13_0_0,2
global_monthly_2018_04_mosaic_L15-1276E-1107N_5105_3761_13_0_0,2
global_monthly_2018_08_mosaic_L15-1276E-1107N_5105_3761_13_0_0,2
global_monthly_2018_11_mosaic_L15-1276E-1107N_5105_3761_13_0_0,2
global_monthly_2019_09_mosaic_L15-1276E-1107N_5105_3761_13_0_0,2
global_monthly_2019_07_mosaic_L15-1276E-1107N_5105_3761_13_0_0,2
global_monthly_2018_01_mosaic_L15-1276E-1107N_5105_3761_13_0_0,2
global_monthly_2020_01_mosaic_L15-1276E-1107N_5105_3761_13_0_0,2
global_monthly_2018_02_mosaic_L15-1276E-1107N_5105_3761_13_0_0,2
global_monthly_2018_06_mosaic_L15-1479E-1101N_5916_3785_13_0_0,3
global_monthly_2018_03_mosaic_L15-1479E-1101N_5916_3785_13_0_0,3
global_monthly_2019_12_mosaic_L15-1479E-1101N_5916_3785_13_0_0,3
global_monthly_2019_07_mosaic_L15-1479E-1101N_5916_3785_13_0_0,3
global_monthly_2018_07_mosaic_L15-1479E-1101N_5916_3785_13_0_0,3
global_monthly_2020_01_mosaic_L15-1479E-1101N_5916_3785_13_0_0,3
global_monthly_2018_11_mosaic_L15-1479E-1101N_5916_3785_13_0_0,3
global_monthly_2018_05_mosaic_L15-1479E-1101N_5916_3785_13_0_0,3
global_monthly_2019_03_mosaic_L15-1479E-1101N_5916_3785_13_0_0,3
global_monthly_2019_05_mosaic_L15-1479E-1101N_5916_3785_13_0_0,3
global_monthly_2019_04_mosaic_L15-1479E-1101N_5916_3785_13_0_0,3
global_monthly_2019_01_mosaic_L15-1479E-1101N_5916_3785_13_0_0,3
global_monthly_2019_09_mosaic_L15-1479E-1101N_5916_3785_13_0_0,3
global_monthly_2018_12_mosaic_L15-1479E-1101N_5916_3785_13_0_0,3
global_monthly_2019_02_mosaic_L15-1479E-1101N_5916_3785_13_0_0,3
global_monthly_2019_11_mosaic_L15-1479E-1101N_5916_3785_13_0_0,3
global_monthly_2018_01_mosaic_L15-1479E-1101N_5916_3785_13_0_0,3
global_monthly_2018_02_mosaic_L15-1479E-1101N_5916_3785_13_0_0,3
global_monthly_2018_09_mosaic_L15-1479E-1101N_5916_3785_13_0_0,3
global_monthly_2018_04_mosaic_L15-1479E-1101N_5916_3785_13_0_0,3
global_monthly_2019_06_mosaic_L15-1479E-1101N_5916_3785_13_0_0,3
global_monthly_2018_10_mosaic_L15-1479E-1101N_5916_3785_13_0_0,3
global_monthly_2019_08_mosaic_L15-1479E-1101N_5916_3785_13_0_0,3
global_monthly_2018_11_mosaic_L15-1669E-1160N_6679_3549_13_0_0,3
global_monthly_2019_06_mosaic_L15-1669E-1160N_6679_3549_13_0_0,3
global_monthly_2018_09_mosaic_L15-1669E-1160N_6679_3549_13_0_0,3
global_monthly_2019_03_mosaic_L15-1669E-1160N_6679_3549_13_0_0,3
global_monthly_2018_08_mosaic_L15-1669E-1160N_6679_3549_13_0_0,3
global_monthly_2019_01_mosaic_L15-1669E-1160N_6679_3549_13_0_0,3
global_monthly_2019_08_mosaic_L15-1669E-1160N_6679_3549_13_0_0,3
global_monthly_2017_11_mosaic_L15-1669E-1160N_6679_3549_13_0_0,3
global_monthly_2018_06_mosaic_L15-1669E-1160N_6679_3549_13_0_0,3
global_monthly_2018_07_mosaic_L15-1669E-1160N_6679_3549_13_0_0,3
global_monthly_2019_05_mosaic_L15-1669E-1160N_6679_3549_13_0_0,3
global_monthly_2018_03_mosaic_L15-1669E-1160N_6679_3549_13_0_0,3
global_monthly_2017_10_mosaic_L15-1669E-1160N_6679_3549_13_0_0,3
global_monthly_2018_02_mosaic_L15-1669E-1160N_6679_3549_13_0_0,3
global_monthly_2018_12_mosaic_L15-1669E-1160N_6679_3549_13_0_0,3
global_monthly_2017_09_mosaic_L15-1669E-1160N_6679_3549_13_0_0,3
global_monthly_2017_07_mosaic_L15-1669E-1160N_6679_3549_13_0_0,3
global_monthly_2019_04_mosaic_L15-1669E-1160N_6679_3549_13_0_0,3
global_monthly_2018_05_mosaic_L15-1669E-1160N_6679_3549_13_0_0,3
global_monthly_2019_02_mosaic_L15-1669E-1160N_6679_3549_13_0_0,3
global_monthly_2018_10_mosaic_L15-1669E-1160N_6679_3549_13_0_0,3
global_monthly_2018_04_mosaic_L15-1669E-1160N_6679_3549_13_0_0,3
global_monthly_2019_09_mosaic_L15-1669E-1160N_6679_3549_13_0_0,3
global_monthly_2019_07_mosaic_L15-1669E-1160N_6679_3549_13_0_0,3
global_monthly_2017_08_mosaic_L15-1669E-1160N_6679_3549_13_0_0,3
global_monthly_2018_01_mosaic_L15-1669E-1160N_6679_3549_13_0_0,3
global_monthly_2019_04_mosaic_L15-0457E-1135N_1831_3648_13_0_0,3
global_monthly_2018_04_mosaic_L15-0457E-1135N_1831_3648_13_0_0,3
global_monthly_2018_06_mosaic_L15-0457E-1135N_1831_3648_13_0_0,3
global_monthly_2019_01_mosaic_L15-0457E-1135N_1831_3648_13_0_0,3
global_monthly_2018_11_mosaic_L15-0457E-1135N_1831_3648_13_0_0,3
global_monthly_2018_08_mosaic_L15-0457E-1135N_1831_3648_13_0_0,3
global_monthly_2018_03_mosaic_L15-0457E-1135N_1831_3648_13_0_0,3
global_monthly_2019_10_mosaic_L15-0457E-1135N_1831_3648_13_0_0,3
global_monthly_2019_05_mosaic_L15-0457E-1135N_1831_3648_13_0_0,3
global_monthly_2019_02_mosaic_L15-0457E-1135N_1831_3648_13_0_0,3
global_monthly_2018_12_mosaic_L15-0457E-1135N_1831_3648_13_0_0,3
global_monthly_2018_02_mosaic_L15-0457E-1135N_1831_3648_13_0_0,3
global_monthly_2018_09_mosaic_L15-0457E-1135N_1831_3648_13_0_0,3
global_monthly_2019_09_mosaic_L15-0457E-1135N_1831_3648_13_0_0,3
global_monthly_2019_06_mosaic_L15-0457E-1135N_1831_3648_13_0_0,3
global_monthly_2019_12_mosaic_L15-0457E-1135N_1831_3648_13_0_0,3
global_monthly_2018_01_mosaic_L15-0457E-1135N_1831_3648_13_0_0,3
global_monthly_2018_05_mosaic_L15-0457E-1135N_1831_3648_13_0_0,3
global_monthly_2019_03_mosaic_L15-0457E-1135N_1831_3648_13_0_0,3
global_monthly_2018_07_mosaic_L15-0457E-1135N_1831_3648_13_0_0,3
global_monthly_2018_12_mosaic_L15-1669E-1153N_6678_3579_13_0_0,3
global_monthly_2018_10_mosaic_L15-1669E-1153N_6678_3579_13_0_0,3
global_monthly_2018_04_mosaic_L15-1669E-1153N_6678_3579_13_0_0,3
global_monthly_2019_11_mosaic_L15-1669E-1153N_6678_3579_13_0_0,3
global_monthly_2019_12_mosaic_L15-1669E-1153N_6678_3579_13_0_0,3
global_monthly_2019_01_mosaic_L15-1669E-1153N_6678_3579_13_0_0,3
global_monthly_2018_11_mosaic_L15-1669E-1153N_6678_3579_13_0_0,3
global_monthly_2019_09_mosaic_L15-1669E-1153N_6678_3579_13_0_0,3
global_monthly_2018_03_mosaic_L15-1669E-1153N_6678_3579_13_0_0,3
global_monthly_2018_06_mosaic_L15-1669E-1153N_6678_3579_13_0_0,3
global_monthly_2019_08_mosaic_L15-1669E-1153N_6678_3579_13_0_0,3
global_monthly_2019_07_mosaic_L15-1669E-1153N_6678_3579_13_0_0,3
global_monthly_2019_10_mosaic_L15-1669E-1153N_6678_3579_13_0_0,3
global_monthly_2018_02_mosaic_L15-1669E-1153N_6678_3579_13_0_0,3
global_monthly_2018_07_mosaic_L15-1669E-1153N_6678_3579_13_0_0,3
global_monthly_2018_05_mosaic_L15-1669E-1153N_6678_3579_13_0_0,3
global_monthly_2018_09_mosaic_L15-1669E-1153N_6678_3579_13_0_0,3
global_monthly_2018_01_mosaic_L15-1669E-1153N_6678_3579_13_0_0,3
global_monthly_2018_12_mosaic_L15-1848E-0793N_7394_5018_13_0_0,3
global_monthly_2019_03_mosaic_L15-1848E-0793N_7394_5018_13_0_0,3
global_monthly_2020_01_mosaic_L15-1848E-0793N_7394_5018_13_0_0,3
global_monthly_2019_01_mosaic_L15-1848E-0793N_7394_5018_13_0_0,3
global_monthly_2018_11_mosaic_L15-1848E-0793N_7394_5018_13_0_0,3
global_monthly_2018_02_mosaic_L15-1848E-0793N_7394_5018_13_0_0,3
global_monthly_2019_10_mosaic_L15-1848E-0793N_7394_5018_13_0_0,3
global_monthly_2019_12_mosaic_L15-1848E-0793N_7394_5018_13_0_0,3
global_monthly_2018_01_mosaic_L15-1848E-0793N_7394_5018_13_0_0,3
global_monthly_2019_09_mosaic_L15-1848E-0793N_7394_5018_13_0_0,3
global_monthly_2019_02_mosaic_L15-1848E-0793N_7394_5018_13_0_0,3
global_monthly_2019_08_mosaic_L15-1848E-0793N_7394_5018_13_0_0,3
global_monthly_2019_11_mosaic_L15-1848E-0793N_7394_5018_13_0_0,3
global_monthly_2018_10_mosaic_L15-1848E-0793N_7394_5018_13_0_0,3
global_monthly_2019_10_mosaic_L15-0577E-1243N_2309_3217_13_0_0,3
global_monthly_2018_08_mosaic_L15-0577E-1243N_2309_3217_13_0_0,3
global_monthly_2019_01_mosaic_L15-0577E-1243N_2309_3217_13_0_0,3
global_monthly_2019_11_mosaic_L15-0577E-1243N_2309_3217_13_0_0,3
global_monthly_2018_05_mosaic_L15-0577E-1243N_2309_3217_13_0_0,3
global_monthly_2018_04_mosaic_L15-0577E-1243N_2309_3217_13_0_0,3
global_monthly_2018_12_mosaic_L15-0577E-1243N_2309_3217_13_0_0,3
global_monthly_2019_07_mosaic_L15-0577E-1243N_2309_3217_13_0_0,3
global_monthly_2019_09_mosaic_L15-0577E-1243N_2309_3217_13_0_0,3
global_monthly_2018_02_mosaic_L15-0577E-1243N_2309_3217_13_0_0,3
global_monthly_2018_07_mosaic_L15-0577E-1243N_2309_3217_13_0_0,3
global_monthly_2018_11_mosaic_L15-0577E-1243N_2309_3217_13_0_0,3
global_monthly_2019_02_mosaic_L15-0577E-1243N_2309_3217_13_0_0,3
global_monthly_2019_05_mosaic_L15-0577E-1243N_2309_3217_13_0_0,3
global_monthly_2018_09_mosaic_L15-0577E-1243N_2309_3217_13_0_0,3
global_monthly_2019_06_mosaic_L15-0577E-1243N_2309_3217_13_0_0,3
global_monthly_2018_06_mosaic_L15-0577E-1243N_2309_3217_13_0_0,3
global_monthly_2019_03_mosaic_L15-0577E-1243N_2309_3217_13_0_0,3
global_monthly_2019_08_mosaic_L15-0577E-1243N_2309_3217_13_0_0,3
global_monthly_2018_10_mosaic_L15-0577E-1243N_2309_3217_13_0_0,3
global_monthly_2019_04_mosaic_L15-0577E-1243N_2309_3217_13_0_0,3
global_monthly_2019_08_mosaic_L15-1025E-1366N_4102_2726_13_0_0,4
global_monthly_2019_09_mosaic_L15-1025E-1366N_4102_2726_13_0_0,4
global_monthly_2019_05_mosaic_L15-1025E-1366N_4102_2726_13_0_0,4
global_monthly_2019_10_mosaic_L15-1025E-1366N_4102_2726_13_0_0,4
global_monthly_2018_11_mosaic_L15-1025E-1366N_4102_2726_13_0_0,4
global_monthly_2019_01_mosaic_L15-1025E-1366N_4102_2726_13_0_0,4
global_monthly_2019_03_mosaic_L15-1025E-1366N_4102_2726_13_0_0,4
global_monthly_2018_06_mosaic_L15-1025E-1366N_4102_2726_13_0_0,4
global_monthly_2018_05_mosaic_L15-1025E-1366N_4102_2726_13_0_0,4
global_monthly_2019_11_mosaic_L15-1025E-1366N_4102_2726_13_0_0,4
global_monthly_2019_06_mosaic_L15-1025E-1366N_4102_2726_13_0_0,4
global_monthly_2020_01_mosaic_L15-1025E-1366N_4102_2726_13_0_0,4
global_monthly_2018_10_mosaic_L15-1025E-1366N_4102_2726_13_0_0,4
global_monthly_2018_12_mosaic_L15-1025E-1366N_4102_2726_13_0_0,4
global_monthly_2019_07_mosaic_L15-1025E-1366N_4102_2726_13_0_0,4
global_monthly_2019_04_mosaic_L15-1025E-1366N_4102_2726_13_0_0,4
global_monthly_2019_12_mosaic_L15-1025E-1366N_4102_2726_13_0_0,4
global_monthly_2018_09_mosaic_L15-1025E-1366N_4102_2726_13_0_0,4
global_monthly_2018_04_mosaic_L15-1025E-1366N_4102_2726_13_0_0,4
global_monthly_2018_01_mosaic_L15-1025E-1366N_4102_2726_13_0_0,4
global_monthly_2018_08_mosaic_L15-1025E-1366N_4102_2726_13_0_0,4
global_monthly_2018_07_mosaic_L15-1025E-1366N_4102_2726_13_0_0,4
global_monthly_2018_02_mosaic_L15-1025E-1366N_4102_2726_13_0_0,4
global_monthly_2018_04_mosaic_L15-0434E-1218N_1736_3318_13_0_0,4
global_monthly_2019_07_mosaic_L15-0434E-1218N_1736_3318_13_0_0,4
global_monthly_2019_09_mosaic_L15-0434E-1218N_1736_3318_13_0_0,4
global_monthly_2019_08_mosaic_L15-0434E-1218N_1736_3318_13_0_0,4
global_monthly_2018_05_mosaic_L15-0434E-1218N_1736_3318_13_0_0,4
global_monthly_2018_09_mosaic_L15-0434E-1218N_1736_3318_13_0_0,4
global_monthly_2018_06_mosaic_L15-0434E-1218N_1736_3318_13_0_0,4
global_monthly_2019_02_mosaic_L15-0434E-1218N_1736_3318_13_0_0,4
global_monthly_2019_01_mosaic_L15-0434E-1218N_1736_3318_13_0_0,4
global_monthly_2018_08_mosaic_L15-0434E-1218N_1736_3318_13_0_0,4
global_monthly_2019_04_mosaic_L15-0434E-1218N_1736_3318_13_0_0,4
global_monthly_2019_03_mosaic_L15-0434E-1218N_1736_3318_13_0_0,4
global_monthly_2018_03_mosaic_L15-0434E-1218N_1736_3318_13_0_0,4
global_monthly_2018_02_mosaic_L15-0434E-1218N_1736_3318_13_0_0,4
global_monthly_2019_10_mosaic_L15-0434E-1218N_1736_3318_13_0_0,4
global_monthly_2020_01_mosaic_L15-0434E-1218N_1736_3318_13_0_0,4
global_monthly_2019_11_mosaic_L15-0434E-1218N_1736_3318_13_0_0,4
global_monthly_2018_07_mosaic_L15-0434E-1218N_1736_3318_13_0_0,4
global_monthly_2018_10_mosaic_L15-0434E-1218N_1736_3318_13_0_0,4
global_monthly_2019_06_mosaic_L15-0434E-1218N_1736_3318_13_0_0,4
global_monthly_2019_05_mosaic_L15-0434E-1218N_1736_3318_13_0_0,4
global_monthly_2018_12_mosaic_L15-0434E-1218N_1736_3318_13_0_0,4
global_monthly_2018_01_mosaic_L15-0434E-1218N_1736_3318_13_0_0,4
global_monthly_2019_12_mosaic_L15-0434E-1218N_1736_3318_13_0_0,4
global_monthly_2018_11_mosaic_L15-0434E-1218N_1736_3318_13_0_0,4
global_monthly_2019_07_mosaic_L15-1296E-1198N_5184_3399_13_0_0,4
global_monthly_2019_12_mosaic_L15-1296E-1198N_5184_3399_13_0_0,4
global_monthly_2019_01_mosaic_L15-1296E-1198N_5184_3399_13_0_0,4
global_monthly_2018_11_mosaic_L15-1296E-1198N_5184_3399_13_0_0,4
global_monthly_2019_04_mosaic_L15-1296E-1198N_5184_3399_13_0_0,4
global_monthly_2018_04_mosaic_L15-1296E-1198N_5184_3399_13_0_0,4
global_monthly_2018_08_mosaic_L15-1296E-1198N_5184_3399_13_0_0,4
global_monthly_2018_05_mosaic_L15-1296E-1198N_5184_3399_13_0_0,4
global_monthly_2018_03_mosaic_L15-1296E-1198N_5184_3399_13_0_0,4
global_monthly_2019_06_mosaic_L15-1296E-1198N_5184_3399_13_0_0,4
global_monthly_2018_07_mosaic_L15-1296E-1198N_5184_3399_13_0_0,4
global_monthly_2018_06_mosaic_L15-1296E-1198N_5184_3399_13_0_0,4
global_monthly_2018_01_mosaic_L15-1296E-1198N_5184_3399_13_0_0,4
global_monthly_2020_01_mosaic_L15-1296E-1198N_5184_3399_13_0_0,4
global_monthly_2019_11_mosaic_L15-1296E-1198N_5184_3399_13_0_0,4
global_monthly_2018_09_mosaic_L15-1296E-1198N_5184_3399_13_0_0,4
global_monthly_2019_10_mosaic_L15-1296E-1198N_5184_3399_13_0_0,4
global_monthly_2019_02_mosaic_L15-1296E-1198N_5184_3399_13_0_0,4
global_monthly_2018_02_mosaic_L15-1296E-1198N_5184_3399_13_0_0,4
global_monthly_2018_12_mosaic_L15-1296E-1198N_5184_3399_13_0_0,4
global_monthly_2019_03_mosaic_L15-1296E-1198N_5184_3399_13_0_0,4
global_monthly_2019_09_mosaic_L15-1296E-1198N_5184_3399_13_0_0,4
global_monthly_2019_05_mosaic_L15-1296E-1198N_5184_3399_13_0_0,4
global_monthly_2019_08_mosaic_L15-1296E-1198N_5184_3399_13_0_0,4
global_monthly_2018_10_mosaic_L15-1296E-1198N_5184_3399_13_0_0,4
global_monthly_2019_10_mosaic_L15-0614E-0946N_2459_4406_13_0_0,4
global_monthly_2019_09_mosaic_L15-0614E-0946N_2459_4406_13_0_0,4
global_monthly_2018_04_mosaic_L15-0614E-0946N_2459_4406_13_0_0,4
global_monthly_2018_07_mosaic_L15-0614E-0946N_2459_4406_13_0_0,4
global_monthly_2019_03_mosaic_L15-0614E-0946N_2459_4406_13_0_0,4
global_monthly_2018_03_mosaic_L15-0614E-0946N_2459_4406_13_0_0,4
global_monthly_2020_01_mosaic_L15-0614E-0946N_2459_4406_13_0_0,4
global_monthly_2019_08_mosaic_L15-0614E-0946N_2459_4406_13_0_0,4
global_monthly_2018_06_mosaic_L15-0614E-0946N_2459_4406_13_0_0,4
global_monthly_2018_05_mosaic_L15-0614E-0946N_2459_4406_13_0_0,4
global_monthly_2019_02_mosaic_L15-0614E-0946N_2459_4406_13_0_0,4
global_monthly_2019_05_mosaic_L15-0614E-0946N_2459_4406_13_0_0,4
global_monthly_2018_09_mosaic_L15-0614E-0946N_2459_4406_13_0_0,4
global_monthly_2019_07_mosaic_L15-0614E-0946N_2459_4406_13_0_0,4
global_monthly_2018_12_mosaic_L15-0614E-0946N_2459_4406_13_0_0,4
global_monthly_2019_11_mosaic_L15-0614E-0946N_2459_4406_13_0_0,4
global_monthly_2018_08_mosaic_L15-0614E-0946N_2459_4406_13_0_0,4
global_monthly_2019_01_mosaic_L15-0614E-0946N_2459_4406_13_0_0,4
global_monthly_2019_04_mosaic_L15-0614E-0946N_2459_4406_13_0_0,4
global_monthly_2018_11_mosaic_L15-0614E-0946N_2459_4406_13_0_0,4
global_monthly_2019_06_mosaic_L15-0614E-0946N_2459_4406_13_0_0,4
global_monthly_2017_08_mosaic_L15-1615E-1206N_6460_3366_13_0_0,4
global_monthly_2018_10_mosaic_L15-1615E-1206N_6460_3366_13_0_0,4
global_monthly_2017_09_mosaic_L15-1615E-1206N_6460_3366_13_0_0,4
global_monthly_2018_02_mosaic_L15-1615E-1206N_6460_3366_13_0_0,4
global_monthly_2019_02_mosaic_L15-1615E-1206N_6460_3366_13_0_0,4
global_monthly_2018_07_mosaic_L15-1615E-1206N_6460_3366_13_0_0,4
global_monthly_2018_09_mosaic_L15-1615E-1206N_6460_3366_13_0_0,4
global_monthly_2019_03_mosaic_L15-1615E-1206N_6460_3366_13_0_0,4
global_monthly_2018_04_mosaic_L15-1615E-1206N_6460_3366_13_0_0,4
global_monthly_2018_03_mosaic_L15-1615E-1206N_6460_3366_13_0_0,4
global_monthly_2019_09_mosaic_L15-1615E-1206N_6460_3366_13_0_0,4
global_monthly_2018_11_mosaic_L15-1615E-1206N_6460_3366_13_0_0,4
global_monthly_2018_12_mosaic_L15-1615E-1206N_6460_3366_13_0_0,4
global_monthly_2017_10_mosaic_L15-1615E-1206N_6460_3366_13_0_0,4
global_monthly_2019_07_mosaic_L15-1615E-1206N_6460_3366_13_0_0,4
global_monthly_2018_06_mosaic_L15-1615E-1206N_6460_3366_13_0_0,4
global_monthly_2019_08_mosaic_L15-1615E-1206N_6460_3366_13_0_0,4
global_monthly_2018_08_mosaic_L15-1615E-1206N_6460_3366_13_0_0,4
global_monthly_2019_04_mosaic_L15-1615E-1206N_6460_3366_13_0_0,4
global_monthly_2017_07_mosaic_L15-1615E-1206N_6460_3366_13_0_0,4
global_monthly_2018_05_mosaic_L15-1615E-1206N_6460_3366_13_0_0,4
global_monthly_2019_05_mosaic_L15-1615E-1206N_6460_3366_13_0_0,4
global_monthly_2018_01_mosaic_L15-1615E-1206N_6460_3366_13_0_0,4
global_monthly_2019_06_mosaic_L15-1615E-1206N_6460_3366_13_0_0,4
global_monthly_2019_01_mosaic_L15-1615E-1206N_6460_3366_13_0_0,4
global_monthly_2017_11_mosaic_L15-1615E-1206N_6460_3366_13_0_0,4
global_monthly_2019_07_mosaic_L15-1615E-1205N_6460_3370_13_0_0,4
global_monthly_2018_03_mosaic_L15-1615E-1205N_6460_3370_13_0_0,4
global_monthly_2017_07_mosaic_L15-1615E-1205N_6460_3370_13_0_0,4
global_monthly_2017_09_mosaic_L15-1615E-1205N_6460_3370_13_0_0,4
global_monthly_2019_02_mosaic_L15-1615E-1205N_6460_3370_13_0_0,4
global_monthly_2019_05_mosaic_L15-1615E-1205N_6460_3370_13_0_0,4
global_monthly_2019_03_mosaic_L15-1615E-1205N_6460_3370_13_0_0,4
global_monthly_2018_09_mosaic_L15-1615E-1205N_6460_3370_13_0_0,4
global_monthly_2018_02_mosaic_L15-1615E-1205N_6460_3370_13_0_0,4
global_monthly_2019_04_mosaic_L15-1615E-1205N_6460_3370_13_0_0,4
global_monthly_2019_01_mosaic_L15-1615E-1205N_6460_3370_13_0_0,4
global_monthly_2017_11_mosaic_L15-1615E-1205N_6460_3370_13_0_0,4
global_monthly_2018_07_mosaic_L15-1615E-1205N_6460_3370_13_0_0,4
global_monthly_2018_10_mosaic_L15-1615E-1205N_6460_3370_13_0_0,4
global_monthly_2018_08_mosaic_L15-1615E-1205N_6460_3370_13_0_0,4
global_monthly_2018_05_mosaic_L15-1615E-1205N_6460_3370_13_0_0,4
global_monthly_2018_12_mosaic_L15-1615E-1205N_6460_3370_13_0_0,4
global_monthly_2019_08_mosaic_L15-1615E-1205N_6460_3370_13_0_0,4
global_monthly_2019_06_mosaic_L15-1615E-1205N_6460_3370_13_0_0,4
global_monthly_2017_08_mosaic_L15-1615E-1205N_6460_3370_13_0_0,4
global_monthly_2018_01_mosaic_L15-1615E-1205N_6460_3370_13_0_0,4
global_monthly_2018_04_mosaic_L15-1615E-1205N_6460_3370_13_0_0,4
global_monthly_2018_06_mosaic_L15-1615E-1205N_6460_3370_13_0_0,4
global_monthly_2019_09_mosaic_L15-1615E-1205N_6460_3370_13_0_0,4
global_monthly_2019_09_mosaic_L15-0632E-0892N_2528_4620_13_0_0,5
global_monthly_2018_01_mosaic_L15-0632E-0892N_2528_4620_13_0_0,5
global_monthly_2019_07_mosaic_L15-0632E-0892N_2528_4620_13_0_0,5
global_monthly_2019_02_mosaic_L15-0632E-0892N_2528_4620_13_0_0,5
global_monthly_2019_04_mosaic_L15-0632E-0892N_2528_4620_13_0_0,5
global_monthly_2018_12_mosaic_L15-0632E-0892N_2528_4620_13_0_0,5
global_monthly_2019_12_mosaic_L15-0632E-0892N_2528_4620_13_0_0,5
global_monthly_2018_11_mosaic_L15-0632E-0892N_2528_4620_13_0_0,5
global_monthly_2018_09_mosaic_L15-0632E-0892N_2528_4620_13_0_0,5
global_monthly_2019_05_mosaic_L15-0632E-0892N_2528_4620_13_0_0,5
global_monthly_2019_08_mosaic_L15-0632E-0892N_2528_4620_13_0_0,5
global_monthly_2018_08_mosaic_L15-0632E-0892N_2528_4620_13_0_0,5
global_monthly_2019_03_mosaic_L15-0632E-0892N_2528_4620_13_0_0,5
global_monthly_2019_11_mosaic_L15-0632E-0892N_2528_4620_13_0_0,5
global_monthly_2018_10_mosaic_L15-0632E-0892N_2528_4620_13_0_0,5
global_monthly_2018_06_mosaic_L15-0632E-0892N_2528_4620_13_0_0,5
global_monthly_2018_03_mosaic_L15-0632E-0892N_2528_4620_13_0_0,5
global_monthly_2018_07_mosaic_L15-0632E-0892N_2528_4620_13_0_0,5
global_monthly_2018_04_mosaic_L15-0632E-0892N_2528_4620_13_0_0,5
global_monthly_2019_06_mosaic_L15-0632E-0892N_2528_4620_13_0_0,5
global_monthly_2019_10_mosaic_L15-0632E-0892N_2528_4620_13_0_0,5
global_monthly_2019_01_mosaic_L15-0632E-0892N_2528_4620_13_0_0,5
global_monthly_2018_02_mosaic_L15-0632E-0892N_2528_4620_13_0_0,5
global_monthly_2020_01_mosaic_L15-0632E-0892N_2528_4620_13_0_0,5
global_monthly_2018_05_mosaic_L15-0632E-0892N_2528_4620_13_0_0,5
global_monthly_2020_01_mosaic_L15-1209E-1113N_4838_3737_13_0_0,5
global_monthly_2018_10_mosaic_L15-1209E-1113N_4838_3737_13_0_0,5
global_monthly_2019_12_mosaic_L15-1209E-1113N_4838_3737_13_0_0,5
global_monthly_2019_09_mosaic_L15-1209E-1113N_4838_3737_13_0_0,5
global_monthly_2019_02_mosaic_L15-1209E-1113N_4838_3737_13_0_0,5
global_monthly_2019_01_mosaic_L15-1209E-1113N_4838_3737_13_0_0,5
global_monthly_2018_03_mosaic_L15-1209E-1113N_4838_3737_13_0_0,5
global_monthly_2019_10_mosaic_L15-1209E-1113N_4838_3737_13_0_0,5
global_monthly_2019_08_mosaic_L15-1209E-1113N_4838_3737_13_0_0,5
global_monthly_2019_04_mosaic_L15-1209E-1113N_4838_3737_13_0_0,5
global_monthly_2019_03_mosaic_L15-1209E-1113N_4838_3737_13_0_0,5
global_monthly_2019_11_mosaic_L15-1209E-1113N_4838_3737_13_0_0,5
global_monthly_2019_07_mosaic_L15-1209E-1113N_4838_3737_13_0_0,5
global_monthly_2018_02_mosaic_L15-1209E-1113N_4838_3737_13_0_0,5
global_monthly_2018_12_mosaic_L15-1209E-1113N_4838_3737_13_0_0,5
global_monthly_2018_11_mosaic_L15-1209E-1113N_4838_3737_13_0_0,5
global_monthly_2018_07_mosaic_L15-1209E-1113N_4838_3737_13_0_0,5
global_monthly_2018_05_mosaic_L15-1209E-1113N_4838_3737_13_0_0,5
global_monthly_2018_08_mosaic_L15-1209E-1113N_4838_3737_13_0_0,5
global_monthly_2018_06_mosaic_L15-1209E-1113N_4838_3737_13_0_0,5
global_monthly_2019_05_mosaic_L15-1209E-1113N_4838_3737_13_0_0,5
global_monthly_2019_06_mosaic_L15-1209E-1113N_4838_3737_13_0_0,5
global_monthly_2018_09_mosaic_L15-1209E-1113N_4838_3737_13_0_0,5
global_monthly_2018_01_mosaic_L15-1209E-1113N_4838_3737_13_0_0,5
global_monthly_2018_04_mosaic_L15-1209E-1113N_4838_3737_13_0_0,5
global_monthly_2019_01_mosaic_L15-1204E-1204N_4819_3372_13_0_0,5
global_monthly_2018_01_mosaic_L15-1204E-1204N_4819_3372_13_0_0,5
global_monthly_2018_06_mosaic_L15-1204E-1204N_4819_3372_13_0_0,5
global_monthly_2018_10_mosaic_L15-1204E-1204N_4819_3372_13_0_0,5
global_monthly_2018_09_mosaic_L15-1204E-1204N_4819_3372_13_0_0,5
global_monthly_2019_12_mosaic_L15-1204E-1204N_4819_3372_13_0_0,5
global_monthly_2019_03_mosaic_L15-1204E-1204N_4819_3372_13_0_0,5
global_monthly_2019_09_mosaic_L15-1204E-1204N_4819_3372_13_0_0,5
global_monthly_2019_08_mosaic_L15-1204E-1204N_4819_3372_13_0_0,5
global_monthly_2018_04_mosaic_L15-1204E-1204N_4819_3372_13_0_0,5
global_monthly_2020_01_mosaic_L15-1204E-1204N_4819_3372_13_0_0,5
global_monthly_2018_03_mosaic_L15-1204E-1204N_4819_3372_13_0_0,5
global_monthly_2018_05_mosaic_L15-1204E-1204N_4819_3372_13_0_0,5
global_monthly_2019_04_mosaic_L15-1204E-1204N_4819_3372_13_0_0,5
global_monthly_2018_11_mosaic_L15-1204E-1204N_4819_3372_13_0_0,5
global_monthly_2019_05_mosaic_L15-1204E-1204N_4819_3372_13_0_0,5
global_monthly_2018_02_mosaic_L15-1204E-1204N_4819_3372_13_0_0,5
global_monthly_2018_08_mosaic_L15-1204E-1204N_4819_3372_13_0_0,5
global_monthly_2019_02_mosaic_L15-1204E-1204N_4819_3372_13_0_0,5
global_monthly_2019_10_mosaic_L15-1204E-1204N_4819_3372_13_0_0,5
global_monthly_2019_11_mosaic_L15-1204E-1204N_4819_3372_13_0_0,5
global_monthly_2018_07_mosaic_L15-1204E-1204N_4819_3372_13_0_0,5
global_monthly_2019_07_mosaic_L15-1204E-1204N_4819_3372_13_0_0,5
global_monthly_2018_12_mosaic_L15-1204E-1204N_4819_3372_13_0_0,5
global_monthly_2019_06_mosaic_L15-1204E-1204N_4819_3372_13_0_0,5
global_monthly_2019_11_mosaic_L15-0487E-1246N_1950_3207_13_0_0,5
global_monthly_2018_05_mosaic_L15-0487E-1246N_1950_3207_13_0_0,5
global_monthly_2018_09_mosaic_L15-0487E-1246N_1950_3207_13_0_0,5
global_monthly_2019_10_mosaic_L15-0487E-1246N_1950_3207_13_0_0,5
global_monthly_2019_06_mosaic_L15-0487E-1246N_1950_3207_13_0_0,5
global_monthly_2018_03_mosaic_L15-0487E-1246N_1950_3207_13_0_0,5
global_monthly_2018_12_mosaic_L15-0487E-1246N_1950_3207_13_0_0,5
global_monthly_2018_06_mosaic_L15-0487E-1246N_1950_3207_13_0_0,5
global_monthly_2018_07_mosaic_L15-0487E-1246N_1950_3207_13_0_0,5
global_monthly_2019_03_mosaic_L15-0487E-1246N_1950_3207_13_0_0,5
global_monthly_2018_02_mosaic_L15-0487E-1246N_1950_3207_13_0_0,5
global_monthly_2019_04_mosaic_L15-0487E-1246N_1950_3207_13_0_0,5
global_monthly_2019_07_mosaic_L15-0487E-1246N_1950_3207_13_0_0,5
global_monthly_2019_09_mosaic_L15-0487E-1246N_1950_3207_13_0_0,5
global_monthly_2018_01_mosaic_L15-0487E-1246N_1950_3207_13_0_0,5
global_monthly_2019_08_mosaic_L15-0487E-1246N_1950_3207_13_0_0,5
global_monthly_2018_04_mosaic_L15-0487E-1246N_1950_3207_13_0_0,5
global_monthly_2020_01_mosaic_L15-0487E-1246N_1950_3207_13_0_0,5
global_monthly_2019_05_mosaic_L15-0487E-1246N_1950_3207_13_0_0,5
global_monthly_2019_02_mosaic_L15-0487E-1246N_1950_3207_13_0_0,5
global_monthly_2019_01_mosaic_L15-0487E-1246N_1950_3207_13_0_0,5
global_monthly_2018_11_mosaic_L15-0487E-1246N_1950_3207_13_0_0,5
global_monthly_2019_12_mosaic_L15-0487E-1246N_1950_3207_13_0_0,5
global_monthly_2018_08_mosaic_L15-0487E-1246N_1950_3207_13_0_0,5
global_monthly_2018_10_mosaic_L15-0487E-1246N_1950_3207_13_0_0,5
global_monthly_2018_07_mosaic_L15-1204E-1202N_4816_3380_13_0_0,5
global_monthly_2019_05_mosaic_L15-1204E-1202N_4816_3380_13_0_0,5
global_monthly_2018_10_mosaic_L15-1204E-1202N_4816_3380_13_0_0,5
global_monthly_2019_06_mosaic_L15-1204E-1202N_4816_3380_13_0_0,5
global_monthly_2018_01_mosaic_L15-1204E-1202N_4816_3380_13_0_0,5
global_monthly_2018_06_mosaic_L15-1204E-1202N_4816_3380_13_0_0,5
global_monthly_2019_01_mosaic_L15-1204E-1202N_4816_3380_13_0_0,5
global_monthly_2017_07_mosaic_L15-1204E-1202N_4816_3380_13_0_0,5
global_monthly_2018_05_mosaic_L15-1204E-1202N_4816_3380_13_0_0,5
global_monthly_2018_08_mosaic_L15-1204E-1202N_4816_3380_13_0_0,5
global_monthly_2018_03_mosaic_L15-1204E-1202N_4816_3380_13_0_0,5
global_monthly_2019_07_mosaic_L15-1204E-1202N_4816_3380_13_0_0,5
global_monthly_2018_11_mosaic_L15-1204E-1202N_4816_3380_13_0_0,5
global_monthly_2018_09_mosaic_L15-1204E-1202N_4816_3380_13_0_0,5
global_monthly_2017_11_mosaic_L15-1204E-1202N_4816_3380_13_0_0,5
global_monthly_2019_03_mosaic_L15-1204E-1202N_4816_3380_13_0_0,5
global_monthly_2019_09_mosaic_L15-1204E-1202N_4816_3380_13_0_0,5
global_monthly_2017_09_mosaic_L15-1204E-1202N_4816_3380_13_0_0,5
global_monthly_2017_08_mosaic_L15-1204E-1202N_4816_3380_13_0_0,5
global_monthly_2018_12_mosaic_L15-1204E-1202N_4816_3380_13_0_0,5
global_monthly_2017_10_mosaic_L15-1204E-1202N_4816_3380_13_0_0,5
global_monthly_2019_02_mosaic_L15-1204E-1202N_4816_3380_13_0_0,5
global_monthly_2019_08_mosaic_L15-1204E-1202N_4816_3380_13_0_0,5
global_monthly_2018_02_mosaic_L15-1204E-1202N_4816_3380_13_0_0,5
global_monthly_2019_04_mosaic_L15-1204E-1202N_4816_3380_13_0_0,5
global_monthly_2018_04_mosaic_L15-1204E-1202N_4816_3380_13_0_0,5
global_monthly_2018_06_mosaic_L15-0358E-1220N_1433_3310_13_0_0,5
global_monthly_2018_05_mosaic_L15-0358E-1220N_1433_3310_13_0_0,5
global_monthly_2018_09_mosaic_L15-0358E-1220N_1433_3310_13_0_0,5
global_monthly_2018_08_mosaic_L15-0358E-1220N_1433_3310_13_0_0,5
global_monthly_2019_09_mosaic_L15-0358E-1220N_1433_3310_13_0_0,5
global_monthly_2019_01_mosaic_L15-0358E-1220N_1433_3310_13_0_0,5
global_monthly_2019_11_mosaic_L15-0358E-1220N_1433_3310_13_0_0,5
global_monthly_2019_02_mosaic_L15-0358E-1220N_1433_3310_13_0_0,5
global_monthly_2018_12_mosaic_L15-0358E-1220N_1433_3310_13_0_0,5
global_monthly_2018_10_mosaic_L15-0358E-1220N_1433_3310_13_0_0,5
global_monthly_2019_07_mosaic_L15-0358E-1220N_1433_3310_13_0_0,5
global_monthly_2019_10_mosaic_L15-0358E-1220N_1433_3310_13_0_0,5
global_monthly_2019_12_mosaic_L15-0358E-1220N_1433_3310_13_0_0,5
global_monthly_2018_03_mosaic_L15-0358E-1220N_1433_3310_13_0_0,5
global_monthly_2018_07_mosaic_L15-0358E-1220N_1433_3310_13_0_0,5
global_monthly_2018_02_mosaic_L15-0358E-1220N_1433_3310_13_0_0,5
global_monthly_2019_05_mosaic_L15-0358E-1220N_1433_3310_13_0_0,5
global_monthly_2019_03_mosaic_L15-0358E-1220N_1433_3310_13_0_0,5
global_monthly_2018_11_mosaic_L15-0358E-1220N_1433_3310_13_0_0,5
global_monthly_2020_01_mosaic_L15-0358E-1220N_1433_3310_13_0_0,5
global_monthly_2019_04_mosaic_L15-0358E-1220N_1433_3310_13_0_0,5
global_monthly_2019_06_mosaic_L15-0358E-1220N_1433_3310_13_0_0,5
global_monthly_2018_04_mosaic_L15-0358E-1220N_1433_3310_13_0_0,5
global_monthly_2019_08_mosaic_L15-0358E-1220N_1433_3310_13_0_0,5
global_monthly_2019_11_mosaic_L15-0506E-1204N_2027_3374_13_0_0,6
global_monthly_2019_06_mosaic_L15-0506E-1204N_2027_3374_13_0_0,6
global_monthly_2019_08_mosaic_L15-0506E-1204N_2027_3374_13_0_0,6
global_monthly_2019_01_mosaic_L15-0506E-1204N_2027_3374_13_0_0,6
global_monthly_2019_12_mosaic_L15-0506E-1204N_2027_3374_13_0_0,6
global_monthly_2019_02_mosaic_L15-0506E-1204N_2027_3374_13_0_0,6
global_monthly_2018_03_mosaic_L15-0506E-1204N_2027_3374_13_0_0,6
global_monthly_2019_04_mosaic_L15-0506E-1204N_2027_3374_13_0_0,6
global_monthly_2018_05_mosaic_L15-0506E-1204N_2027_3374_13_0_0,6
global_monthly_2019_10_mosaic_L15-0506E-1204N_2027_3374_13_0_0,6
global_monthly_2019_09_mosaic_L15-0506E-1204N_2027_3374_13_0_0,6
global_monthly_2018_04_mosaic_L15-0506E-1204N_2027_3374_13_0_0,6
global_monthly_2018_09_mosaic_L15-0506E-1204N_2027_3374_13_0_0,6
global_monthly_2018_06_mosaic_L15-0506E-1204N_2027_3374_13_0_0,6
global_monthly_2018_11_mosaic_L15-0506E-1204N_2027_3374_13_0_0,6
global_monthly_2019_05_mosaic_L15-0506E-1204N_2027_3374_13_0_0,6
global_monthly_2019_07_mosaic_L15-0506E-1204N_2027_3374_13_0_0,6
global_monthly_2018_07_mosaic_L15-0506E-1204N_2027_3374_13_0_0,6
global_monthly_2018_10_mosaic_L15-0506E-1204N_2027_3374_13_0_0,6
global_monthly_2018_02_mosaic_L15-0506E-1204N_2027_3374_13_0_0,6
global_monthly_2018_08_mosaic_L15-0506E-1204N_2027_3374_13_0_0,6
global_monthly_2018_12_mosaic_L15-0506E-1204N_2027_3374_13_0_0,6
global_monthly_2018_01_mosaic_L15-0506E-1204N_2027_3374_13_0_0,6
global_monthly_2019_03_mosaic_L15-0506E-1204N_2027_3374_13_0_0,6
global_monthly_2018_04_mosaic_L15-0387E-1276N_1549_3087_13_0_0,6
global_monthly_2018_07_mosaic_L15-0387E-1276N_1549_3087_13_0_0,6
global_monthly_2018_03_mosaic_L15-0387E-1276N_1549_3087_13_0_0,6
global_monthly_2019_06_mosaic_L15-0387E-1276N_1549_3087_13_0_0,6
global_monthly_2018_12_mosaic_L15-0387E-1276N_1549_3087_13_0_0,6
global_monthly_2019_08_mosaic_L15-0387E-1276N_1549_3087_13_0_0,6
global_monthly_2018_10_mosaic_L15-0387E-1276N_1549_3087_13_0_0,6
global_monthly_2019_10_mosaic_L15-0387E-1276N_1549_3087_13_0_0,6
global_monthly_2019_04_mosaic_L15-0387E-1276N_1549_3087_13_0_0,6
global_monthly_2018_06_mosaic_L15-0387E-1276N_1549_3087_13_0_0,6
global_monthly_2019_05_mosaic_L15-0387E-1276N_1549_3087_13_0_0,6
global_monthly_2019_03_mosaic_L15-0387E-1276N_1549_3087_13_0_0,6
global_monthly_2018_08_mosaic_L15-0387E-1276N_1549_3087_13_0_0,6
global_monthly_2018_01_mosaic_L15-0387E-1276N_1549_3087_13_0_0,6
global_monthly_2019_09_mosaic_L15-0387E-1276N_1549_3087_13_0_0,6
global_monthly_2018_11_mosaic_L15-0387E-1276N_1549_3087_13_0_0,6
global_monthly_2019_12_mosaic_L15-0387E-1276N_1549_3087_13_0_0,6
global_monthly_2018_02_mosaic_L15-0387E-1276N_1549_3087_13_0_0,6
global_monthly_2018_05_mosaic_L15-0387E-1276N_1549_3087_13_0_0,6
global_monthly_2019_11_mosaic_L15-0387E-1276N_1549_3087_13_0_0,6
global_monthly_2019_07_mosaic_L15-0387E-1276N_1549_3087_13_0_0,6
global_monthly_2018_09_mosaic_L15-0387E-1276N_1549_3087_13_0_0,6
global_monthly_2018_01_mosaic_L15-1049E-1370N_4196_2710_13_0_0,6
global_monthly_2019_10_mosaic_L15-1049E-1370N_4196_2710_13_0_0,6
global_monthly_2018_04_mosaic_L15-1049E-1370N_4196_2710_13_0_0,6
global_monthly_2018_02_mosaic_L15-1049E-1370N_4196_2710_13_0_0,6
global_monthly_2019_01_mosaic_L15-1049E-1370N_4196_2710_13_0_0,6
global_monthly_2018_10_mosaic_L15-1049E-1370N_4196_2710_13_0_0,6
global_monthly_2018_06_mosaic_L15-1049E-1370N_4196_2710_13_0_0,6
global_monthly_2018_03_mosaic_L15-1049E-1370N_4196_2710_13_0_0,6
global_monthly_2018_05_mosaic_L15-1049E-1370N_4196_2710_13_0_0,6
global_monthly_2019_12_mosaic_L15-1049E-1370N_4196_2710_13_0_0,6
global_monthly_2019_06_mosaic_L15-1049E-1370N_4196_2710_13_0_0,6
global_monthly_2019_11_mosaic_L15-1049E-1370N_4196_2710_13_0_0,6
global_monthly_2019_03_mosaic_L15-1049E-1370N_4196_2710_13_0_0,6
global_monthly_2018_12_mosaic_L15-1049E-1370N_4196_2710_13_0_0,6
global_monthly_2018_08_mosaic_L15-1049E-1370N_4196_2710_13_0_0,6
global_monthly_2019_07_mosaic_L15-1049E-1370N_4196_2710_13_0_0,6
global_monthly_2018_09_mosaic_L15-1049E-1370N_4196_2710_13_0_0,6
global_monthly_2019_04_mosaic_L15-1049E-1370N_4196_2710_13_0_0,6
global_monthly_2020_01_mosaic_L15-1049E-1370N_4196_2710_13_0_0,6
global_monthly_2019_08_mosaic_L15-1049E-1370N_4196_2710_13_0_0,6
global_monthly_2019_05_mosaic_L15-1049E-1370N_4196_2710_13_0_0,6
global_monthly_2019_02_mosaic_L15-1049E-1370N_4196_2710_13_0_0,6
global_monthly_2019_09_mosaic_L15-1049E-1370N_4196_2710_13_0_0,6
global_monthly_2018_07_mosaic_L15-1049E-1370N_4196_2710_13_0_0,6
global_monthly_2018_11_mosaic_L15-1049E-1370N_4196_2710_13_0_0,6
global_monthly_2019_05_mosaic_L15-1669E-1160N_6678_3548_13_0_0,6
global_monthly_2019_07_mosaic_L15-1669E-1160N_6678_3548_13_0_0,6
global_monthly_2017_09_mosaic_L15-1669E-1160N_6678_3548_13_0_0,6
global_monthly_2018_08_mosaic_L15-1669E-1160N_6678_3548_13_0_0,6
global_monthly_2018_01_mosaic_L15-1669E-1160N_6678_3548_13_0_0,6
global_monthly_2019_02_mosaic_L15-1669E-1160N_6678_3548_13_0_0,6
global_monthly_2017_10_mosaic_L15-1669E-1160N_6678_3548_13_0_0,6
global_monthly_2019_06_mosaic_L15-1669E-1160N_6678_3548_13_0_0,6
global_monthly_2019_03_mosaic_L15-1669E-1160N_6678_3548_13_0_0,6
global_monthly_2018_03_mosaic_L15-1669E-1160N_6678_3548_13_0_0,6
global_monthly_2019_09_mosaic_L15-1669E-1160N_6678_3548_13_0_0,6
global_monthly_2018_02_mosaic_L15-1669E-1160N_6678_3548_13_0_0,6
global_monthly_2017_11_mosaic_L15-1669E-1160N_6678_3548_13_0_0,6
global_monthly_2018_10_mosaic_L15-1669E-1160N_6678_3548_13_0_0,6
global_monthly_2018_04_mosaic_L15-1669E-1160N_6678_3548_13_0_0,6
global_monthly_2018_05_mosaic_L15-1669E-1160N_6678_3548_13_0_0,6
global_monthly_2017_07_mosaic_L15-1669E-1160N_6678_3548_13_0_0,6
global_monthly_2019_08_mosaic_L15-1669E-1160N_6678_3548_13_0_0,6
global_monthly_2018_06_mosaic_L15-1669E-1160N_6678_3548_13_0_0,6
global_monthly_2019_01_mosaic_L15-1669E-1160N_6678_3548_13_0_0,6
global_monthly_2018_09_mosaic_L15-1669E-1160N_6678_3548_13_0_0,6
global_monthly_2018_11_mosaic_L15-1669E-1160N_6678_3548_13_0_0,6
global_monthly_2018_07_mosaic_L15-1669E-1160N_6678_3548_13_0_0,6
global_monthly_2017_08_mosaic_L15-1669E-1160N_6678_3548_13_0_0,6
global_monthly_2019_04_mosaic_L15-1669E-1160N_6678_3548_13_0_0,6
global_monthly_2018_12_mosaic_L15-1669E-1160N_6678_3548_13_0_0,6
global_monthly_2018_05_mosaic_L15-0977E-1187N_3911_3441_13_0_0,6
global_monthly_2019_01_mosaic_L15-0977E-1187N_3911_3441_13_0_0,6
global_monthly_2018_02_mosaic_L15-0977E-1187N_3911_3441_13_0_0,6
global_monthly_2019_10_mosaic_L15-0977E-1187N_3911_3441_13_0_0,6
global_monthly_2018_11_mosaic_L15-0977E-1187N_3911_3441_13_0_0,6
global_monthly_2018_09_mosaic_L15-0977E-1187N_3911_3441_13_0_0,6
global_monthly_2019_04_mosaic_L15-0977E-1187N_3911_3441_13_0_0,6
global_monthly_2018_07_mosaic_L15-0977E-1187N_3911_3441_13_0_0,6
global_monthly_2018_01_mosaic_L15-0977E-1187N_3911_3441_13_0_0,6
global_monthly_2019_11_mosaic_L15-0977E-1187N_3911_3441_13_0_0,6
global_monthly_2018_06_mosaic_L15-0977E-1187N_3911_3441_13_0_0,6
global_monthly_2019_12_mosaic_L15-0977E-1187N_3911_3441_13_0_0,6
global_monthly_2019_05_mosaic_L15-0977E-1187N_3911_3441_13_0_0,6
global_monthly_2019_09_mosaic_L15-0977E-1187N_3911_3441_13_0_0,6
global_monthly_2018_03_mosaic_L15-0977E-1187N_3911_3441_13_0_0,6
global_monthly_2019_02_mosaic_L15-0977E-1187N_3911_3441_13_0_0,6
global_monthly_2019_07_mosaic_L15-0977E-1187N_3911_3441_13_0_0,6
global_monthly_2018_10_mosaic_L15-0977E-1187N_3911_3441_13_0_0,6
global_monthly_2020_01_mosaic_L15-0977E-1187N_3911_3441_13_0_0,6
global_monthly_2019_03_mosaic_L15-0977E-1187N_3911_3441_13_0_0,6
global_monthly_2018_04_mosaic_L15-0977E-1187N_3911_3441_13_0_0,6
global_monthly_2018_08_mosaic_L15-0977E-1187N_3911_3441_13_0_0,6
global_monthly_2019_08_mosaic_L15-0977E-1187N_3911_3441_13_0_0,6
global_monthly_2019_06_mosaic_L15-0977E-1187N_3911_3441_13_0_0,6
global_monthly_2018_12_mosaic_L15-0977E-1187N_3911_3441_13_0_0,6
global_monthly_2019_08_mosaic_L15-1389E-1284N_5557_3054_13_0_0,6
global_monthly_2018_07_mosaic_L15-1389E-1284N_5557_3054_13_0_0,6
global_monthly_2019_04_mosaic_L15-1389E-1284N_5557_3054_13_0_0,6
global_monthly_2019_06_mosaic_L15-1389E-1284N_5557_3054_13_0_0,6
global_monthly_2018_04_mosaic_L15-1389E-1284N_5557_3054_13_0_0,6
global_monthly_2018_05_mosaic_L15-1389E-1284N_5557_3054_13_0_0,6
global_monthly_2019_12_mosaic_L15-1389E-1284N_5557_3054_13_0_0,6
global_monthly_2018_12_mosaic_L15-1389E-1284N_5557_3054_13_0_0,6
global_monthly_2020_01_mosaic_L15-1389E-1284N_5557_3054_13_0_0,6
global_monthly_2018_02_mosaic_L15-1389E-1284N_5557_3054_13_0_0,6
global_monthly_2019_10_mosaic_L15-1389E-1284N_5557_3054_13_0_0,6
global_monthly_2018_11_mosaic_L15-1389E-1284N_5557_3054_13_0_0,6
global_monthly_2019_02_mosaic_L15-1389E-1284N_5557_3054_13_0_0,6
global_monthly_2018_10_mosaic_L15-1389E-1284N_5557_3054_13_0_0,6
global_monthly_2018_09_mosaic_L15-1389E-1284N_5557_3054_13_0_0,6
global_monthly_2019_07_mosaic_L15-1389E-1284N_5557_3054_13_0_0,6
global_monthly_2018_06_mosaic_L15-1389E-1284N_5557_3054_13_0_0,6
global_monthly_2018_08_mosaic_L15-1389E-1284N_5557_3054_13_0_0,6
global_monthly_2019_09_mosaic_L15-1389E-1284N_5557_3054_13_0_0,6
global_monthly_2019_05_mosaic_L15-1389E-1284N_5557_3054_13_0_0,6
global_monthly_2019_01_mosaic_L15-1389E-1284N_5557_3054_13_0_0,6
global_monthly_2019_11_mosaic_L15-1389E-1284N_5557_3054_13_0_0,6
global_monthly_2019_03_mosaic_L15-1389E-1284N_5557_3054_13_0_0,6
global_monthly_2018_03_mosaic_L15-1389E-1284N_5557_3054_13_0_0,6
global_monthly_2019_06_mosaic_L15-0586E-1127N_2345_3680_13_0_0,7
global_monthly_2018_06_mosaic_L15-0586E-1127N_2345_3680_13_0_0,7
global_monthly_2019_03_mosaic_L15-0586E-1127N_2345_3680_13_0_0,7
global_monthly_2019_08_mosaic_L15-0586E-1127N_2345_3680_13_0_0,7
global_monthly_2018_07_mosaic_L15-0586E-1127N_2345_3680_13_0_0,7
global_monthly_2018_05_mosaic_L15-0586E-1127N_2345_3680_13_0_0,7
global_monthly_2018_11_mosaic_L15-0586E-1127N_2345_3680_13_0_0,7
global_monthly_2018_02_mosaic_L15-0586E-1127N_2345_3680_13_0_0,7
global_monthly_2019_01_mosaic_L15-0586E-1127N_2345_3680_13_0_0,7
global_monthly_2018_03_mosaic_L15-0586E-1127N_2345_3680_13_0_0,7
global_monthly_2020_01_mosaic_L15-0586E-1127N_2345_3680_13_0_0,7
global_monthly_2019_11_mosaic_L15-0586E-1127N_2345_3680_13_0_0,7
global_monthly_2019_05_mosaic_L15-0586E-1127N_2345_3680_13_0_0,7
global_monthly_2018_04_mosaic_L15-0586E-1127N_2345_3680_13_0_0,7
global_monthly_2018_09_mosaic_L15-0586E-1127N_2345_3680_13_0_0,7
global_monthly_2019_10_mosaic_L15-0586E-1127N_2345_3680_13_0_0,7
global_monthly_2019_09_mosaic_L15-0586E-1127N_2345_3680_13_0_0,7
global_monthly_2018_10_mosaic_L15-0586E-1127N_2345_3680_13_0_0,7
global_monthly_2019_02_mosaic_L15-0586E-1127N_2345_3680_13_0_0,7
global_monthly_2018_01_mosaic_L15-0586E-1127N_2345_3680_13_0_0,7
global_monthly_2018_12_mosaic_L15-0586E-1127N_2345_3680_13_0_0,7
global_monthly_2018_08_mosaic_L15-0586E-1127N_2345_3680_13_0_0,7
global_monthly_2019_12_mosaic_L15-0586E-1127N_2345_3680_13_0_0,7
global_monthly_2019_07_mosaic_L15-0586E-1127N_2345_3680_13_0_0,7
global_monthly_2019_04_mosaic_L15-0586E-1127N_2345_3680_13_0_0,7
global_monthly_2018_11_mosaic_L15-1538E-1163N_6154_3539_13_0_0,7
global_monthly_2018_09_mosaic_L15-1538E-1163N_6154_3539_13_0_0,7
global_monthly_2019_01_mosaic_L15-1538E-1163N_6154_3539_13_0_0,7
global_monthly_2018_02_mosaic_L15-1538E-1163N_6154_3539_13_0_0,7
global_monthly_2020_01_mosaic_L15-1538E-1163N_6154_3539_13_0_0,7
global_monthly_2019_08_mosaic_L15-1538E-1163N_6154_3539_13_0_0,7
global_monthly_2018_05_mosaic_L15-1538E-1163N_6154_3539_13_0_0,7
global_monthly_2019_12_mosaic_L15-1538E-1163N_6154_3539_13_0_0,7
global_monthly_2019_04_mosaic_L15-1538E-1163N_6154_3539_13_0_0,7
global_monthly_2019_02_mosaic_L15-1538E-1163N_6154_3539_13_0_0,7
global_monthly_2019_10_mosaic_L15-1538E-1163N_6154_3539_13_0_0,7
global_monthly_2018_03_mosaic_L15-1538E-1163N_6154_3539_13_0_0,7
global_monthly_2019_03_mosaic_L15-1538E-1163N_6154_3539_13_0_0,7
global_monthly_2018_04_mosaic_L15-1538E-1163N_6154_3539_13_0_0,7
global_monthly_2018_01_mosaic_L15-1538E-1163N_6154_3539_13_0_0,7
global_monthly_2019_11_mosaic_L15-1538E-1163N_6154_3539_13_0_0,7
global_monthly_2018_08_mosaic_L15-1538E-1163N_6154_3539_13_0_0,7
global_monthly_2019_05_mosaic_L15-1538E-1163N_6154_3539_13_0_0,7
global_monthly_2018_10_mosaic_L15-1538E-1163N_6154_3539_13_0_0,7
global_monthly_2018_12_mosaic_L15-1538E-1163N_6154_3539_13_0_0,7
global_monthly_2018_10_mosaic_L15-1014E-1375N_4056_2688_13_0_0,7
global_monthly_2019_09_mosaic_L15-1014E-1375N_4056_2688_13_0_0,7
global_monthly_2019_01_mosaic_L15-1014E-1375N_4056_2688_13_0_0,7
global_monthly_2018_01_mosaic_L15-1014E-1375N_4056_2688_13_0_0,7
global_monthly_2018_02_mosaic_L15-1014E-1375N_4056_2688_13_0_0,7
global_monthly_2018_05_mosaic_L15-1014E-1375N_4056_2688_13_0_0,7
global_monthly_2018_11_mosaic_L15-1014E-1375N_4056_2688_13_0_0,7
global_monthly_2018_03_mosaic_L15-1014E-1375N_4056_2688_13_0_0,7
global_monthly_2018_12_mosaic_L15-1014E-1375N_4056_2688_13_0_0,7
global_monthly_2019_06_mosaic_L15-1014E-1375N_4056_2688_13_0_0,7
global_monthly_2019_05_mosaic_L15-1014E-1375N_4056_2688_13_0_0,7
global_monthly_2019_03_mosaic_L15-1014E-1375N_4056_2688_13_0_0,7
global_monthly_2018_08_mosaic_L15-1014E-1375N_4056_2688_13_0_0,7
global_monthly_2019_10_mosaic_L15-1014E-1375N_4056_2688_13_0_0,7
global_monthly_2019_02_mosaic_L15-1014E-1375N_4056_2688_13_0_0,7
global_monthly_2019_04_mosaic_L15-1014E-1375N_4056_2688_13_0_0,7
global_monthly_2020_01_mosaic_L15-1014E-1375N_4056_2688_13_0_0,7
global_monthly_2018_06_mosaic_L15-1014E-1375N_4056_2688_13_0_0,7
global_monthly_2019_12_mosaic_L15-1014E-1375N_4056_2688_13_0_0,7
global_monthly_2018_04_mosaic_L15-1014E-1375N_4056_2688_13_0_0,7
global_monthly_2019_07_mosaic_L15-1014E-1375N_4056_2688_13_0_0,7
global_monthly_2019_08_mosaic_L15-1014E-1375N_4056_2688_13_0_0,7
global_monthly_2018_07_mosaic_L15-1014E-1375N_4056_2688_13_0_0,7
global_monthly_2018_09_mosaic_L15-1014E-1375N_4056_2688_13_0_0,7
global_monthly_2019_07_mosaic_L15-1672E-1207N_6691_3363_13_0_0,7
global_monthly_2019_05_mosaic_L15-1672E-1207N_6691_3363_13_0_0,7
global_monthly_2018_12_mosaic_L15-1672E-1207N_6691_3363_13_0_0,7
global_monthly_2018_03_mosaic_L15-1672E-1207N_6691_3363_13_0_0,7
global_monthly_2019_11_mosaic_L15-1672E-1207N_6691_3363_13_0_0,7
global_monthly_2018_04_mosaic_L15-1672E-1207N_6691_3363_13_0_0,7
global_monthly_2018_08_mosaic_L15-1672E-1207N_6691_3363_13_0_0,7
global_monthly_2019_12_mosaic_L15-1672E-1207N_6691_3363_13_0_0,7
global_monthly_2018_10_mosaic_L15-1672E-1207N_6691_3363_13_0_0,7
global_monthly_2018_06_mosaic_L15-1672E-1207N_6691_3363_13_0_0,7
global_monthly_2019_01_mosaic_L15-1672E-1207N_6691_3363_13_0_0,7
global_monthly_2018_01_mosaic_L15-1672E-1207N_6691_3363_13_0_0,7
global_monthly_2018_05_mosaic_L15-1672E-1207N_6691_3363_13_0_0,7
global_monthly_2018_11_mosaic_L15-1672E-1207N_6691_3363_13_0_0,7
global_monthly_2019_08_mosaic_L15-1672E-1207N_6691_3363_13_0_0,7
global_monthly_2020_01_mosaic_L15-1672E-1207N_6691_3363_13_0_0,7
global_monthly_2019_09_mosaic_L15-1672E-1207N_6691_3363_13_0_0,7
global_monthly_2019_04_mosaic_L15-1672E-1207N_6691_3363_13_0_0,7
global_monthly_2018_09_mosaic_L15-1672E-1207N_6691_3363_13_0_0,7
global_monthly_2019_06_mosaic_L15-1672E-1207N_6691_3363_13_0_0,7
global_monthly_2019_03_mosaic_L15-1672E-1207N_6691_3363_13_0_0,7
global_monthly_2018_07_mosaic_L15-1672E-1207N_6691_3363_13_0_0,7
global_monthly_2018_02_mosaic_L15-1672E-1207N_6691_3363_13_0_0,7
global_monthly_2019_10_mosaic_L15-1672E-1207N_6691_3363_13_0_0,7
global_monthly_2018_12_mosaic_L15-0357E-1223N_1429_3296_13_0_0,7
global_monthly_2018_08_mosaic_L15-0357E-1223N_1429_3296_13_0_0,7
global_monthly_2018_09_mosaic_L15-0357E-1223N_1429_3296_13_0_0,7
global_monthly_2019_11_mosaic_L15-0357E-1223N_1429_3296_13_0_0,7
global_monthly_2018_01_mosaic_L15-0357E-1223N_1429_3296_13_0_0,7
global_monthly_2019_09_mosaic_L15-0357E-1223N_1429_3296_13_0_0,7
global_monthly_2018_03_mosaic_L15-0357E-1223N_1429_3296_13_0_0,7
global_monthly_2018_07_mosaic_L15-0357E-1223N_1429_3296_13_0_0,7
global_monthly_2018_04_mosaic_L15-0357E-1223N_1429_3296_13_0_0,7
global_monthly_2019_12_mosaic_L15-0357E-1223N_1429_3296_13_0_0,7
global_monthly_2019_04_mosaic_L15-0357E-1223N_1429_3296_13_0_0,7
global_monthly_2019_03_mosaic_L15-0357E-1223N_1429_3296_13_0_0,7
global_monthly_2018_10_mosaic_L15-0357E-1223N_1429_3296_13_0_0,7
global_monthly_2019_05_mosaic_L15-0357E-1223N_1429_3296_13_0_0,7
global_monthly_2018_02_mosaic_L15-0357E-1223N_1429_3296_13_0_0,7
global_monthly_2018_11_mosaic_L15-0357E-1223N_1429_3296_13_0_0,7
global_monthly_2018_05_mosaic_L15-0357E-1223N_1429_3296_13_0_0,7
global_monthly_2019_01_mosaic_L15-0357E-1223N_1429_3296_13_0_0,7
global_monthly_2019_07_mosaic_L15-0357E-1223N_1429_3296_13_0_0,7
global_monthly_2019_06_mosaic_L15-0357E-1223N_1429_3296_13_0_0,7
global_monthly_2019_08_mosaic_L15-0357E-1223N_1429_3296_13_0_0,7
global_monthly_2019_10_mosaic_L15-0357E-1223N_1429_3296_13_0_0,7
global_monthly_2019_02_mosaic_L15-0357E-1223N_1429_3296_13_0_0,7
global_monthly_2020_01_mosaic_L15-0357E-1223N_1429_3296_13_0_0,7
global_monthly_2018_06_mosaic_L15-0357E-1223N_1429_3296_13_0_0,7
global_monthly_2019_11_mosaic_L15-1185E-0935N_4742_4450_13_0_0,7
global_monthly_2018_10_mosaic_L15-1185E-0935N_4742_4450_13_0_0,7
global_monthly_2019_02_mosaic_L15-1185E-0935N_4742_4450_13_0_0,7
global_monthly_2019_03_mosaic_L15-1185E-0935N_4742_4450_13_0_0,7
global_monthly_2018_07_mosaic_L15-1185E-0935N_4742_4450_13_0_0,7
global_monthly_2018_08_mosaic_L15-1185E-0935N_4742_4450_13_0_0,7
global_monthly_2019_10_mosaic_L15-1185E-0935N_4742_4450_13_0_0,7
global_monthly_2019_08_mosaic_L15-1185E-0935N_4742_4450_13_0_0,7
global_monthly_2019_04_mosaic_L15-1185E-0935N_4742_4450_13_0_0,7
global_monthly_2018_12_mosaic_L15-1185E-0935N_4742_4450_13_0_0,7
global_monthly_2018_02_mosaic_L15-1185E-0935N_4742_4450_13_0_0,7
global_monthly_2018_06_mosaic_L15-1185E-0935N_4742_4450_13_0_0,7
global_monthly_2018_11_mosaic_L15-1185E-0935N_4742_4450_13_0_0,7
global_monthly_2018_01_mosaic_L15-1185E-0935N_4742_4450_13_0_0,7
global_monthly_2019_05_mosaic_L15-1185E-0935N_4742_4450_13_0_0,7
global_monthly_2019_09_mosaic_L15-1185E-0935N_4742_4450_13_0_0,7
global_monthly_2019_01_mosaic_L15-1185E-0935N_4742_4450_13_0_0,7
global_monthly_2019_06_mosaic_L15-1185E-0935N_4742_4450_13_0_0,7
global_monthly_2019_07_mosaic_L15-1185E-0935N_4742_4450_13_0_0,7
global_monthly_2018_04_mosaic_L15-1185E-0935N_4742_4450_13_0_0,7
global_monthly_2020_01_mosaic_L15-1185E-0935N_4742_4450_13_0_0,7
global_monthly_2019_12_mosaic_L15-1185E-0935N_4742_4450_13_0_0,7
global_monthly_2018_05_mosaic_L15-1185E-0935N_4742_4450_13_0_0,7
global_monthly_2018_09_mosaic_L15-1185E-0935N_4742_4450_13_0_0,7
global_monthly_2018_04_mosaic_L15-0924E-1108N_3699_3757_13_0_0,8
global_monthly_2018_11_mosaic_L15-0924E-1108N_3699_3757_13_0_0,8
global_monthly_2018_12_mosaic_L15-0924E-1108N_3699_3757_13_0_0,8
global_monthly_2020_01_mosaic_L15-0924E-1108N_3699_3757_13_0_0,8
global_monthly_2019_02_mosaic_L15-0924E-1108N_3699_3757_13_0_0,8
global_monthly_2019_06_mosaic_L15-0924E-1108N_3699_3757_13_0_0,8
global_monthly_2018_10_mosaic_L15-0924E-1108N_3699_3757_13_0_0,8
global_monthly_2018_03_mosaic_L15-0924E-1108N_3699_3757_13_0_0,8
global_monthly_2018_02_mosaic_L15-0924E-1108N_3699_3757_13_0_0,8
global_monthly_2019_03_mosaic_L15-0924E-1108N_3699_3757_13_0_0,8
global_monthly_2019_08_mosaic_L15-0924E-1108N_3699_3757_13_0_0,8
global_monthly_2019_11_mosaic_L15-0924E-1108N_3699_3757_13_0_0,8
global_monthly_2019_10_mosaic_L15-0924E-1108N_3699_3757_13_0_0,8
global_monthly_2019_04_mosaic_L15-0924E-1108N_3699_3757_13_0_0,8
global_monthly_2019_01_mosaic_L15-0924E-1108N_3699_3757_13_0_0,8
global_monthly_2018_01_mosaic_L15-0924E-1108N_3699_3757_13_0_0,8
global_monthly_2018_06_mosaic_L15-0924E-1108N_3699_3757_13_0_0,8
global_monthly_2019_05_mosaic_L15-0924E-1108N_3699_3757_13_0_0,8
global_monthly_2019_07_mosaic_L15-0924E-1108N_3699_3757_13_0_0,8
global_monthly_2018_05_mosaic_L15-0924E-1108N_3699_3757_13_0_0,8
global_monthly_2019_12_mosaic_L15-0924E-1108N_3699_3757_13_0_0,8
global_monthly_2018_07_mosaic_L15-0924E-1108N_3699_3757_13_0_0,8
global_monthly_2018_09_mosaic_L15-0924E-1108N_3699_3757_13_0_0,8
global_monthly_2019_12_mosaic_L15-0544E-1228N_2176_3279_13_0_0,8
global_monthly_2019_02_mosaic_L15-0544E-1228N_2176_3279_13_0_0,8
global_monthly_2019_06_mosaic_L15-0544E-1228N_2176_3279_13_0_0,8
global_monthly_2018_07_mosaic_L15-0544E-1228N_2176_3279_13_0_0,8
global_monthly_2018_03_mosaic_L15-0544E-1228N_2176_3279_13_0_0,8
global_monthly_2018_11_mosaic_L15-0544E-1228N_2176_3279_13_0_0,8
global_monthly_2019_01_mosaic_L15-0544E-1228N_2176_3279_13_0_0,8
global_monthly_2019_04_mosaic_L15-0544E-1228N_2176_3279_13_0_0,8
global_monthly_2018_08_mosaic_L15-0544E-1228N_2176_3279_13_0_0,8
global_monthly_2018_05_mosaic_L15-0544E-1228N_2176_3279_13_0_0,8
global_monthly_2018_02_mosaic_L15-0544E-1228N_2176_3279_13_0_0,8
global_monthly_2019_11_mosaic_L15-0544E-1228N_2176_3279_13_0_0,8
global_monthly_2018_10_mosaic_L15-0544E-1228N_2176_3279_13_0_0,8
global_monthly_2019_09_mosaic_L15-0544E-1228N_2176_3279_13_0_0,8
global_monthly_2018_04_mosaic_L15-0544E-1228N_2176_3279_13_0_0,8
global_monthly_2019_03_mosaic_L15-0544E-1228N_2176_3279_13_0_0,8
global_monthly_2019_05_mosaic_L15-0544E-1228N_2176_3279_13_0_0,8
global_monthly_2019_07_mosaic_L15-0544E-1228N_2176_3279_13_0_0,8
global_monthly_2018_06_mosaic_L15-0544E-1228N_2176_3279_13_0_0,8
global_monthly_2018_01_mosaic_L15-0544E-1228N_2176_3279_13_0_0,8
global_monthly_2019_08_mosaic_L15-0544E-1228N_2176_3279_13_0_0,8
global_monthly_2018_09_mosaic_L15-0544E-1228N_2176_3279_13_0_0,8
global_monthly_2018_12_mosaic_L15-0544E-1228N_2176_3279_13_0_0,8
global_monthly_2019_10_mosaic_L15-0544E-1228N_2176_3279_13_0_0,8
global_monthly_2019_09_mosaic_L15-1481E-1119N_5927_3715_13_0_0,8
global_monthly_2018_11_mosaic_L15-1481E-1119N_5927_3715_13_0_0,8
global_monthly_2018_02_mosaic_L15-1481E-1119N_5927_3715_13_0_0,8
global_monthly_2018_05_mosaic_L15-1481E-1119N_5927_3715_13_0_0,8
global_monthly_2019_04_mosaic_L15-1481E-1119N_5927_3715_13_0_0,8
global_monthly_2019_08_mosaic_L15-1481E-1119N_5927_3715_13_0_0,8
global_monthly_2018_08_mosaic_L15-1481E-1119N_5927_3715_13_0_0,8
global_monthly_2018_12_mosaic_L15-1481E-1119N_5927_3715_13_0_0,8
global_monthly_2019_01_mosaic_L15-1481E-1119N_5927_3715_13_0_0,8
global_monthly_2020_01_mosaic_L15-1481E-1119N_5927_3715_13_0_0,8
global_monthly_2019_10_mosaic_L15-1481E-1119N_5927_3715_13_0_0,8
global_monthly_2018_01_mosaic_L15-1481E-1119N_5927_3715_13_0_0,8
global_monthly_2019_07_mosaic_L15-1481E-1119N_5927_3715_13_0_0,8
global_monthly_2018_06_mosaic_L15-1481E-1119N_5927_3715_13_0_0,8
global_monthly_2019_06_mosaic_L15-1481E-1119N_5927_3715_13_0_0,8
global_monthly_2019_11_mosaic_L15-1481E-1119N_5927_3715_13_0_0,8
global_monthly_2019_02_mosaic_L15-1481E-1119N_5927_3715_13_0_0,8
global_monthly_2018_09_mosaic_L15-1481E-1119N_5927_3715_13_0_0,8
global_monthly_2019_05_mosaic_L15-1481E-1119N_5927_3715_13_0_0,8
global_monthly_2018_10_mosaic_L15-1481E-1119N_5927_3715_13_0_0,8
global_monthly_2018_03_mosaic_L15-1481E-1119N_5927_3715_13_0_0,8
global_monthly_2019_12_mosaic_L15-1481E-1119N_5927_3715_13_0_0,8
global_monthly_2019_03_mosaic_L15-1481E-1119N_5927_3715_13_0_0,8
global_monthly_2018_04_mosaic_L15-1481E-1119N_5927_3715_13_0_0,8
global_monthly_2018_03_mosaic_L15-1439E-1134N_5759_3655_13_0_0,8
global_monthly_2019_05_mosaic_L15-1439E-1134N_5759_3655_13_0_0,8
global_monthly_2019_06_mosaic_L15-1439E-1134N_5759_3655_13_0_0,8
global_monthly_2020_01_mosaic_L15-1439E-1134N_5759_3655_13_0_0,8
global_monthly_2018_06_mosaic_L15-1439E-1134N_5759_3655_13_0_0,8
global_monthly_2019_12_mosaic_L15-1439E-1134N_5759_3655_13_0_0,8
global_monthly_2018_02_mosaic_L15-1439E-1134N_5759_3655_13_0_0,8
global_monthly_2019_01_mosaic_L15-1439E-1134N_5759_3655_13_0_0,8
global_monthly_2018_10_mosaic_L15-1439E-1134N_5759_3655_13_0_0,8
global_monthly_2018_12_mosaic_L15-1439E-1134N_5759_3655_13_0_0,8
global_monthly_2018_11_mosaic_L15-1439E-1134N_5759_3655_13_0_0,8
global_monthly_2019_02_mosaic_L15-1439E-1134N_5759_3655_13_0_0,8
global_monthly_2018_05_mosaic_L15-1439E-1134N_5759_3655_13_0_0,8
global_monthly_2019_03_mosaic_L15-1439E-1134N_5759_3655_13_0_0,8
global_monthly_2018_04_mosaic_L15-1439E-1134N_5759_3655_13_0_0,8
global_monthly_2019_10_mosaic_L15-1439E-1134N_5759_3655_13_0_0,8
global_monthly_2019_04_mosaic_L15-1439E-1134N_5759_3655_13_0_0,8
global_monthly_2019_11_mosaic_L15-1439E-1134N_5759_3655_13_0_0,8
global_monthly_2019_01_mosaic_L15-0566E-1185N_2265_3451_13_0_0,8
global_monthly_2019_06_mosaic_L15-0566E-1185N_2265_3451_13_0_0,8
global_monthly_2020_01_mosaic_L15-0566E-1185N_2265_3451_13_0_0,8
global_monthly_2018_07_mosaic_L15-0566E-1185N_2265_3451_13_0_0,8
global_monthly_2018_05_mosaic_L15-0566E-1185N_2265_3451_13_0_0,8
global_monthly_2019_10_mosaic_L15-0566E-1185N_2265_3451_13_0_0,8
global_monthly_2019_12_mosaic_L15-0566E-1185N_2265_3451_13_0_0,8
global_monthly_2019_09_mosaic_L15-0566E-1185N_2265_3451_13_0_0,8
global_monthly_2018_08_mosaic_L15-0566E-1185N_2265_3451_13_0_0,8
global_monthly_2019_04_mosaic_L15-0566E-1185N_2265_3451_13_0_0,8
global_monthly_2019_07_mosaic_L15-0566E-1185N_2265_3451_13_0_0,8
global_monthly_2018_03_mosaic_L15-0566E-1185N_2265_3451_13_0_0,8
global_monthly_2019_03_mosaic_L15-0566E-1185N_2265_3451_13_0_0,8
global_monthly_2019_02_mosaic_L15-0566E-1185N_2265_3451_13_0_0,8
global_monthly_2018_11_mosaic_L15-0566E-1185N_2265_3451_13_0_0,8
global_monthly_2019_11_mosaic_L15-0566E-1185N_2265_3451_13_0_0,8
global_monthly_2018_10_mosaic_L15-0566E-1185N_2265_3451_13_0_0,8
global_monthly_2018_02_mosaic_L15-0566E-1185N_2265_3451_13_0_0,8
global_monthly_2019_05_mosaic_L15-0566E-1185N_2265_3451_13_0_0,8
global_monthly_2018_01_mosaic_L15-0566E-1185N_2265_3451_13_0_0,8
global_monthly_2018_04_mosaic_L15-0566E-1185N_2265_3451_13_0_0,8
global_monthly_2019_11_mosaic_L15-0683E-1006N_2732_4164_13_0_0,8
global_monthly_2019_10_mosaic_L15-0683E-1006N_2732_4164_13_0_0,8
global_monthly_2018_06_mosaic_L15-0683E-1006N_2732_4164_13_0_0,8
global_monthly_2019_03_mosaic_L15-0683E-1006N_2732_4164_13_0_0,8
global_monthly_2018_03_mosaic_L15-0683E-1006N_2732_4164_13_0_0,8
global_monthly_2020_01_mosaic_L15-0683E-1006N_2732_4164_13_0_0,8
global_monthly_2019_09_mosaic_L15-0683E-1006N_2732_4164_13_0_0,8
global_monthly_2019_05_mosaic_L15-0683E-1006N_2732_4164_13_0_0,8
global_monthly_2019_06_mosaic_L15-0683E-1006N_2732_4164_13_0_0,8
global_monthly_2019_08_mosaic_L15-0683E-1006N_2732_4164_13_0_0,8
global_monthly_2018_11_mosaic_L15-0683E-1006N_2732_4164_13_0_0,8
global_monthly_2019_07_mosaic_L15-0683E-1006N_2732_4164_13_0_0,8
global_monthly_2018_07_mosaic_L15-0683E-1006N_2732_4164_13_0_0,8
global_monthly_2018_04_mosaic_L15-0683E-1006N_2732_4164_13_0_0,8
global_monthly_2018_08_mosaic_L15-0683E-1006N_2732_4164_13_0_0,8
global_monthly_2019_12_mosaic_L15-0683E-1006N_2732_4164_13_0_0,8
global_monthly_2018_09_mosaic_L15-0683E-1006N_2732_4164_13_0_0,8
global_monthly_2018_01_mosaic_L15-0683E-1006N_2732_4164_13_0_0,8
global_monthly_2018_10_mosaic_L15-0683E-1006N_2732_4164_13_0_0,8
global_monthly_2019_01_mosaic_L15-0683E-1006N_2732_4164_13_0_0,8
global_monthly_2019_04_mosaic_L15-0683E-1006N_2732_4164_13_0_0,8
global_monthly_2018_02_mosaic_L15-0683E-1006N_2732_4164_13_0_0,8
global_monthly_2018_05_mosaic_L15-1716E-1211N_6864_3345_13_0_0,9
global_monthly_2019_11_mosaic_L15-1716E-1211N_6864_3345_13_0_0,9
global_monthly_2018_11_mosaic_L15-1716E-1211N_6864_3345_13_0_0,9
global_monthly_2019_08_mosaic_L15-1716E-1211N_6864_3345_13_0_0,9
global_monthly_2019_01_mosaic_L15-1716E-1211N_6864_3345_13_0_0,9
global_monthly_2019_09_mosaic_L15-1716E-1211N_6864_3345_13_0_0,9
global_monthly_2018_03_mosaic_L15-1716E-1211N_6864_3345_13_0_0,9
global_monthly_2019_03_mosaic_L15-1716E-1211N_6864_3345_13_0_0,9
global_monthly_2019_12_mosaic_L15-1716E-1211N_6864_3345_13_0_0,9
global_monthly_2018_06_mosaic_L15-1716E-1211N_6864_3345_13_0_0,9
global_monthly_2019_04_mosaic_L15-1716E-1211N_6864_3345_13_0_0,9
global_monthly_2019_07_mosaic_L15-1716E-1211N_6864_3345_13_0_0,9
global_monthly_2018_12_mosaic_L15-1716E-1211N_6864_3345_13_0_0,9
global_monthly_2018_10_mosaic_L15-1716E-1211N_6864_3345_13_0_0,9
global_monthly_2019_06_mosaic_L15-1716E-1211N_6864_3345_13_0_0,9
global_monthly_2019_10_mosaic_L15-1716E-1211N_6864_3345_13_0_0,9
global_monthly_2019_02_mosaic_L15-1716E-1211N_6864_3345_13_0_0,9
global_monthly_2018_01_mosaic_L15-1716E-1211N_6864_3345_13_0_0,9
global_monthly_2018_04_mosaic_L15-1716E-1211N_6864_3345_13_0_0,9
global_monthly_2019_05_mosaic_L15-1716E-1211N_6864_3345_13_0_0,9
global_monthly_2018_02_mosaic_L15-1716E-1211N_6864_3345_13_0_0,9
global_monthly_2018_09_mosaic_L15-1716E-1211N_6864_3345_13_0_0,9
global_monthly_2018_07_mosaic_L15-1716E-1211N_6864_3345_13_0_0,9
global_monthly_2018_09_mosaic_L15-1617E-1207N_6468_3360_13_0_0,9
global_monthly_2019_01_mosaic_L15-1617E-1207N_6468_3360_13_0_0,9
global_monthly_2018_05_mosaic_L15-1617E-1207N_6468_3360_13_0_0,9
global_monthly_2018_11_mosaic_L15-1617E-1207N_6468_3360_13_0_0,9
global_monthly_2019_10_mosaic_L15-1617E-1207N_6468_3360_13_0_0,9
global_monthly_2019_03_mosaic_L15-1617E-1207N_6468_3360_13_0_0,9
global_monthly_2019_02_mosaic_L15-1617E-1207N_6468_3360_13_0_0,9
global_monthly_2020_01_mosaic_L15-1617E-1207N_6468_3360_13_0_0,9
global_monthly_2018_03_mosaic_L15-1617E-1207N_6468_3360_13_0_0,9
global_monthly_2018_07_mosaic_L15-1617E-1207N_6468_3360_13_0_0,9
global_monthly_2018_06_mosaic_L15-1617E-1207N_6468_3360_13_0_0,9
global_monthly_2019_12_mosaic_L15-1617E-1207N_6468_3360_13_0_0,9
global_monthly_2018_02_mosaic_L15-1617E-1207N_6468_3360_13_0_0,9
global_monthly_2019_08_mosaic_L15-1617E-1207N_6468_3360_13_0_0,9
global_monthly_2019_07_mosaic_L15-1617E-1207N_6468_3360_13_0_0,9
global_monthly_2018_04_mosaic_L15-1617E-1207N_6468_3360_13_0_0,9
global_monthly_2019_11_mosaic_L15-1617E-1207N_6468_3360_13_0_0,9
global_monthly_2018_10_mosaic_L15-1617E-1207N_6468_3360_13_0_0,9
global_monthly_2019_05_mosaic_L15-1617E-1207N_6468_3360_13_0_0,9
global_monthly_2019_09_mosaic_L15-1617E-1207N_6468_3360_13_0_0,9
global_monthly_2018_12_mosaic_L15-1617E-1207N_6468_3360_13_0_0,9
global_monthly_2018_08_mosaic_L15-1617E-1207N_6468_3360_13_0_0,9
global_monthly_2019_04_mosaic_L15-1617E-1207N_6468_3360_13_0_0,9
global_monthly_2019_01_mosaic_L15-1210E-1025N_4840_4088_13_0_0,9
global_monthly_2019_05_mosaic_L15-1210E-1025N_4840_4088_13_0_0,9
global_monthly_2019_04_mosaic_L15-1210E-1025N_4840_4088_13_0_0,9
global_monthly_2018_10_mosaic_L15-1210E-1025N_4840_4088_13_0_0,9
global_monthly_2019_08_mosaic_L15-1210E-1025N_4840_4088_13_0_0,9
global_monthly_2019_03_mosaic_L15-1210E-1025N_4840_4088_13_0_0,9
global_monthly_2019_07_mosaic_L15-1210E-1025N_4840_4088_13_0_0,9
global_monthly_2018_07_mosaic_L15-1210E-1025N_4840_4088_13_0_0,9
global_monthly_2019_12_mosaic_L15-1210E-1025N_4840_4088_13_0_0,9
global_monthly_2019_06_mosaic_L15-1210E-1025N_4840_4088_13_0_0,9
global_monthly_2018_06_mosaic_L15-1210E-1025N_4840_4088_13_0_0,9
global_monthly_2018_11_mosaic_L15-1210E-1025N_4840_4088_13_0_0,9
global_monthly_2018_03_mosaic_L15-1210E-1025N_4840_4088_13_0_0,9
global_monthly_2019_02_mosaic_L15-1210E-1025N_4840_4088_13_0_0,9
global_monthly_2018_04_mosaic_L15-1210E-1025N_4840_4088_13_0_0,9
global_monthly_2019_11_mosaic_L15-1210E-1025N_4840_4088_13_0_0,9
global_monthly_2020_01_mosaic_L15-1210E-1025N_4840_4088_13_0_0,9
global_monthly_2018_01_mosaic_L15-1210E-1025N_4840_4088_13_0_0,9
global_monthly_2019_09_mosaic_L15-1210E-1025N_4840_4088_13_0_0,9
global_monthly_2018_02_mosaic_L15-1210E-1025N_4840_4088_13_0_0,9
global_monthly_2018_08_mosaic_L15-1210E-1025N_4840_4088_13_0_0,9
global_monthly_2018_09_mosaic_L15-1210E-1025N_4840_4088_13_0_0,9
global_monthly_2018_12_mosaic_L15-1210E-1025N_4840_4088_13_0_0,9
global_monthly_2019_12_mosaic_L15-1709E-1112N_6838_3742_13_0_0,9
global_monthly_2019_03_mosaic_L15-1709E-1112N_6838_3742_13_0_0,9
global_monthly_2019_11_mosaic_L15-1709E-1112N_6838_3742_13_0_0,9
global_monthly_2018_07_mosaic_L15-1709E-1112N_6838_3742_13_0_0,9
global_monthly_2018_03_mosaic_L15-1709E-1112N_6838_3742_13_0_0,9
global_monthly_2019_10_mosaic_L15-1709E-1112N_6838_3742_13_0_0,9
global_monthly_2019_02_mosaic_L15-1709E-1112N_6838_3742_13_0_0,9
global_monthly_2018_09_mosaic_L15-1709E-1112N_6838_3742_13_0_0,9
global_monthly_2018_12_mosaic_L15-1709E-1112N_6838_3742_13_0_0,9
global_monthly_2020_01_mosaic_L15-1709E-1112N_6838_3742_13_0_0,9
global_monthly_2018_06_mosaic_L15-1709E-1112N_6838_3742_13_0_0,9
global_monthly_2018_11_mosaic_L15-1709E-1112N_6838_3742_13_0_0,9
global_monthly_2019_05_mosaic_L15-1709E-1112N_6838_3742_13_0_0,9
global_monthly_2019_01_mosaic_L15-1709E-1112N_6838_3742_13_0_0,9
global_monthly_2018_01_mosaic_L15-1709E-1112N_6838_3742_13_0_0,9
global_monthly_2019_04_mosaic_L15-1709E-1112N_6838_3742_13_0_0,9
global_monthly_2018_10_mosaic_L15-1709E-1112N_6838_3742_13_0_0,9
global_monthly_2018_04_mosaic_L15-1709E-1112N_6838_3742_13_0_0,9
global_monthly_2018_05_mosaic_L15-1709E-1112N_6838_3742_13_0_0,9
global_monthly_2018_02_mosaic_L15-1709E-1112N_6838_3742_13_0_0,9
global_monthly_2019_08_mosaic_L15-1709E-1112N_6838_3742_13_0_0,9
global_monthly_2019_07_mosaic_L15-1709E-1112N_6838_3742_13_0_0,9
global_monthly_2019_01_mosaic_L15-1748E-1247N_6993_3202_13_0_0,9
global_monthly_2018_05_mosaic_L15-1748E-1247N_6993_3202_13_0_0,9
global_monthly_2018_01_mosaic_L15-1748E-1247N_6993_3202_13_0_0,9
global_monthly_2019_06_mosaic_L15-1748E-1247N_6993_3202_13_0_0,9
global_monthly_2018_12_mosaic_L15-1748E-1247N_6993_3202_13_0_0,9
global_monthly_2019_08_mosaic_L15-1748E-1247N_6993_3202_13_0_0,9
global_monthly_2019_11_mosaic_L15-1748E-1247N_6993_3202_13_0_0,9
global_monthly_2019_05_mosaic_L15-1748E-1247N_6993_3202_13_0_0,9
global_monthly_2018_11_mosaic_L15-1748E-1247N_6993_3202_13_0_0,9
global_monthly_2018_03_mosaic_L15-1748E-1247N_6993_3202_13_0_0,9
global_monthly_2018_08_mosaic_L15-1748E-1247N_6993_3202_13_0_0,9
global_monthly_2018_07_mosaic_L15-1748E-1247N_6993_3202_13_0_0,9
global_monthly_2018_02_mosaic_L15-1748E-1247N_6993_3202_13_0_0,9
global_monthly_2018_04_mosaic_L15-1748E-1247N_6993_3202_13_0_0,9
global_monthly_2018_10_mosaic_L15-1748E-1247N_6993_3202_13_0_0,9
global_monthly_2018_09_mosaic_L15-1748E-1247N_6993_3202_13_0_0,9
global_monthly_2019_04_mosaic_L15-1748E-1247N_6993_3202_13_0_0,9
global_monthly_2020_01_mosaic_L15-1748E-1247N_6993_3202_13_0_0,9
global_monthly_2019_10_mosaic_L15-1748E-1247N_6993_3202_13_0_0,9
global_monthly_2019_02_mosaic_L15-1748E-1247N_6993_3202_13_0_0,9
global_monthly_2019_03_mosaic_L15-1748E-1247N_6993_3202_13_0_0,9
global_monthly_2019_12_mosaic_L15-1748E-1247N_6993_3202_13_0_0,9
global_monthly_2018_06_mosaic_L15-1748E-1247N_6993_3202_13_0_0,9
global_monthly_2019_07_mosaic_L15-1748E-1247N_6993_3202_13_0_0,9
global_monthly_2019_09_mosaic_L15-1748E-1247N_6993_3202_13_0_0,9
global_monthly_2019_11_mosaic_L15-1335E-1166N_5342_3524_13_0_0,9
global_monthly_2018_01_mosaic_L15-1335E-1166N_5342_3524_13_0_0,9
global_monthly_2019_03_mosaic_L15-1335E-1166N_5342_3524_13_0_0,9
global_monthly_2018_03_mosaic_L15-1335E-1166N_5342_3524_13_0_0,9
global_monthly_2019_07_mosaic_L15-1335E-1166N_5342_3524_13_0_0,9
global_monthly_2018_06_mosaic_L15-1335E-1166N_5342_3524_13_0_0,9
global_monthly_2018_04_mosaic_L15-1335E-1166N_5342_3524_13_0_0,9
global_monthly_2019_06_mosaic_L15-1335E-1166N_5342_3524_13_0_0,9
global_monthly_2018_05_mosaic_L15-1335E-1166N_5342_3524_13_0_0,9
global_monthly_2019_02_mosaic_L15-1335E-1166N_5342_3524_13_0_0,9
global_monthly_2018_07_mosaic_L15-1335E-1166N_5342_3524_13_0_0,9
global_monthly_2019_04_mosaic_L15-1335E-1166N_5342_3524_13_0_0,9
global_monthly_2018_02_mosaic_L15-1335E-1166N_5342_3524_13_0_0,9
global_monthly_2018_12_mosaic_L15-1335E-1166N_5342_3524_13_0_0,9
global_monthly_2020_01_mosaic_L15-1335E-1166N_5342_3524_13_0_0,9
global_monthly_2018_10_mosaic_L15-1335E-1166N_5342_3524_13_0_0,9
global_monthly_2019_12_mosaic_L15-1335E-1166N_5342_3524_13_0_0,9
global_monthly_2019_01_mosaic_L15-1335E-1166N_5342_3524_13_0_0,9
global_monthly_2019_09_mosaic_L15-1335E-1166N_5342_3524_13_0_0,9
global_monthly_2018_11_mosaic_L15-1335E-1166N_5342_3524_13_0_0,9
global_monthly_2018_08_mosaic_L15-1335E-1166N_5342_3524_13_0_0,9
global_monthly_2019_08_mosaic_L15-1335E-1166N_5342_3524_13_0_0,9
global_monthly_2018_09_mosaic_L15-1335E-1166N_5342_3524_13_0_0,9
global_monthly_2019_10_mosaic_L15-1335E-1166N_5342_3524_13_0_0,9
global_monthly_2019_05_mosaic_L15-1335E-1166N_5342_3524_13_0_0,9
